{
    "1": 1, 
    "5": 1, 
    "6": 0, 
    "_custom_": true, 
    "_ref_": 134258892, 
    "affect_techs": {
        "__tuple__": true, 
        "items": []
    }, 
    "agility": 0.0, 
    "agility_grow": 0.0, 
    "alarm_range": 8.0, 
    "angle_tolerance": 1, 
    "armor_type": 20000, 
    "attack_interval": 1, 
    "attack_interval_grow": 0, 
    "attack_mag": 0.0, 
    "attack_mag_grow": 0.0, 
    "attack_phy": 100.0, 
    "attack_phy_grow": 0.0, 
    "attack_range": 10, 
    "attack_range_grow": 0, 
    "attack_speed": 100.0, 
    "attack_speed_grow": 0.0, 
    "attack_type": 10000, 
    "bar_show_name": 1, 
    "bar_show_scale": true, 
    "bar_slot_size": 0, 
    "base_color_mod": 1, 
    "base_tint_color": {
        "__tuple__": true, 
        "items": [
            255, 
            255, 
            255, 
            0.5
        ]
    }, 
    "billboard_height_offset": 0.0, 
    "billboard_name_font": "DFPYuanW7-GB", 
    "billboard_scale_x": 1.0, 
    "billboard_scale_y": 1.0, 
    "blood_bar": 262148, 
    "blood_show_type": 0, 
    "body_size": 1.0, 
    "build_res_cost_list": {
        "__tuple__": true, 
        "items": []
    }, 
    "buy_res_list": {
        "__tuple__": true, 
        "items": []
    }, 
    "can_flee": true, 
    "cancel_alarm_range": 10.0, 
    "cd_reduce": 0.0, 
    "cd_reduce_grow": 0.0, 
    "collision_box_turning_enable": false, 
    "collision_points": {
        "__tuple__": true, 
        "items": []
    }, 
    "common_ability_list": {
        "__tuple__": true, 
        "items": []
    }, 
    "common_atk": {
        "__tuple__": true, 
        "items": [
            201347498, 
            1
        ]
    }, 
    "common_atk_type": 999, 
    "content": "strength", 
    "copper coin": 0, 
    "critical_chance": 0.0, 
    "critical_chance_grow": 0.0, 
    "critical_dmg": 200.0, 
    "critical_dmg_grow": 0.0, 
    "dead_exp": 5, 
    "dead_money": 5, 
    "default_behaviour_type": "caution", 
    "defense_mag": 0.0, 
    "defense_mag_grow": 0.0, 
    "defense_phy": 10.0, 
    "defense_phy_grow": 0.0, 
    "description": 693629903, 
    "destroy_after_die": true, 
    "die_anim": "die", 
    "dmg_reduction": 0.0, 
    "dmg_reduction_grow": 0.0, 
    "dodge_rate": 0.0, 
    "dodge_rate_grow": 0.0, 
    "drop_items_tuple": {
        "__tuple__": true, 
        "items": []
    }, 
    "dynamic_collision_r": 1.0, 
    "enemy_mini_map_icon": 100000, 
    "extra_dmg": 0.0, 
    "extra_dmg_grow": 0.0, 
    "force_show_on_mini_map": false, 
    "fresnel_color": {
        "__tuple__": true, 
        "items": [
            255, 
            255, 
            255, 
            0.5
        ]
    }, 
    "fresnel_emissive_color_strength": 1, 
    "fresnel_exp": 10, 
    "gainvalue": 0.0, 
    "gainvalue_grow": 0.0, 
    "gold coin": 100, 
    "has_mp": false, 
    "has_shield": true, 
    "heal_effect": 0.0, 
    "heal_effect_grow": 0.0, 
    "healing_effect": 0, 
    "healing_effect_grow": 0, 
    "height_num": 0, 
    "height_offset": 0, 
    "hero_ability_list": {
        "__tuple__": true, 
        "items": []
    }, 
    "hit_rate": 100.0, 
    "hit_rate_grow": 0.0, 
    "hp_max": 1000.0, 
    "hp_max_grow": 0.0, 
    "hp_rec": 10, 
    "hp_rec_grow": 1, 
    "icon": 107624, 
    "idle_anim": "idle1", 
    "init_stock": 5, 
    "intelligence": 0.0, 
    "intelligence_grow": 0.0, 
    "is_apply_role_color": false, 
    "is_mini_map_show": false, 
    "is_open_Xray": false, 
    "is_open_outline_pass": false, 
    "is_shop": true, 
    "is_x_offset": 1, 
    "is_z_offset": 1, 
    "keep_dead_body_time": 2.0, 
    "keep_target": true, 
    "key": 134258892, 
    "kv": {}, 
    "level": 1, 
    "main_attr": "strength", 
    "max_stock": 5, 
    "mini_map_icon": 107624, 
    "mini_map_icon_scale": 1.0, 
    "model": 200818, 
    "model_height": 0.0, 
    "model_opacity": 1, 
    "move_channel": 0, 
    "move_limitation": 1, 
    "move_type": 40, 
    "mp_color": "Blue", 
    "mp_key": "MP", 
    "mp_max": 600.0, 
    "mp_max_grow": 0.0, 
    "mp_rec": 10, 
    "mp_rec_grow": 2, 
    "name": -1104615024, 
    "need_preview_billboard": true, 
    "ori_bits": 3209310, 
    "ori_speed": 0.0, 
    "ori_speed_grow": 0.0, 
    "passive_ability_list": {
        "__tuple__": true, 
        "items": []
    }, 
    "pene_mag": 0.0, 
    "pene_mag_grow": 0.0, 
    "pene_mag_ratio": 0.0, 
    "pene_mag_ratio_grow": 0.0, 
    "pene_phy": 0.0, 
    "pene_phy_grow": 0.0, 
    "pene_phy_ratio": 0.0, 
    "pene_phy_ratio_grow": 0.0, 
    "pkg_slot_size": 0, 
    "precondition_list": {
        "__tuple__": true, 
        "items": []
    }, 
    "preview_billboard_health_value": 1000.0, 
    "refresh_interval": 1.0, 
    "research_techs": {
        "__tuple__": true, 
        "items": []
    }, 
    "resilience": 0.0, 
    "resilience_grow": 0.0, 
    "reward_exp": 5, 
    "reward_official_res_1": 0.0, 
    "role_color_scale": 1.0, 
    "rotate_speed": 10.0, 
    "sell_list": [
        [
            [
                [
                    134239292, 
                    1
                ], 
                [
                    134236397, 
                    1
                ], 
                [
                    134218915, 
                    1
                ], 
                [
                    134268362, 
                    1
                ], 
                [
                    134245689, 
                    1
                ], 
                [
                    134227779, 
                    1
                ]
            ], 
            "New Shop Tab"
        ]
    ], 
    "sell_res_list": {
        "__tuple__": true, 
        "items": []
    }, 
    "separate_enemy_icon": false, 
    "shop_camp_args": 3, 
    "shop_range": 10.0, 
    "shop_select": false, 
    "shop_sell_type": 0, 
    "show_y3_extra_info": false, 
    "silver coin": 0, 
    "simple_common_atk": {
        "ability_animations": {
            "__tuple__": true, 
            "items": [
                "attack1"
            ]
        }, 
        "ability_bw_point": 0.5, 
        "ability_cast_point": 0.2, 
        "attack_trajectory": {
            "effect": 0, 
            "follow_scale": true, 
            "scale": 1.0, 
            "socket": "origin"
        }, 
        "cast_effect_list": {
            "__tuple__": true, 
            "items": []
        }, 
        "cast_sound": 0, 
        "critical_anim": "attack1", 
        "damage": 100.0, 
        "damage_type": 0, 
        "filter_condition_camp": 5, 
        "filter_condition_type": 7, 
        "hit_effect": {
            "effect": 0, 
            "follow_scale": true, 
            "scale": 1.0, 
            "socket": "origin"
        }, 
        "hit_sound": 0, 
        "order_play_anim": false, 
        "order_play_reset_time": 0.5, 
        "trajectory_radian": 1.0, 
        "trajectory_speed": 1000.0
    }, 
    "sound_event_list": {
        "__tuple__": true, 
        "items": []
    }, 
    "special_idle_anim": "idle2", 
    "speed_ratio_in_turn": 0.6, 
    "standard_walk_rate": 36.0, 
    "start_rft": 1.0, 
    "strength": 0.0, 
    "strength_grow": 0.0, 
    "suffix": "", 
    "tags": {
        "__tuple__": true, 
        "items": []
    }, 
    "type": 2, 
    "uid": "134258892", 
    "use_base_tint_color": false, 
    "use_fresnel": 0, 
    "use_simple_mini_map_icon": false, 
    "vampire_mag": 0.0, 
    "vampire_mag_grow": 0.0, 
    "vampire_phy": 0.0, 
    "vampire_phy_grow": 0.0, 
    "view_type": 0, 
    "vision_night": 8.0, 
    "vision_night_grow": 0, 
    "vision_rng": 8.0, 
    "vision_rng_grow": 0, 
    "vision_sector_angle_day": 0, 
    "vision_sector_angle_day_grow": 0, 
    "vision_sector_angle_night": 0, 
    "vision_sector_angle_night_grow": 0, 
    "vision_sector_night": 0, 
    "vision_sector_night_grow": 0, 
    "vision_sector_rng": 0, 
    "vision_sector_rng_grow": 0, 
    "vision_true": 0.0, 
    "vision_true_grow": 0, 
    "walk_anim": "walk", 
    "width_num": 0, 
    "width_offset": 0
}