{
 "f": [
  {
   "__tuple__": true, 
   "items": [
    "", 
    0, 
    2147483647, 
    "code_explorer_custom_root_folder_name"
   ]
  }
 ], 
 "d": {
  "134279955": {
   "__tuple__": true, 
   "items": [
    2147483647, 
    0
   ]
  }, 
  "134268600": {
   "__tuple__": true, 
   "items": [
    2147483647, 
    1
   ]
  }, 
  "134238067": {
   "__tuple__": true, 
   "items": [
    2147483647, 
    2
   ]
  }, 
  "134241669": {
   "__tuple__": true, 
   "items": [
    2147483647, 
    3
   ]
  }, 
  "134258892": {
   "__tuple__": true, 
   "items": [
    2147483647, 
    4
   ]
  }
 }
}