{
 "f": [
  {
   "__tuple__": true, 
   "items": [
    "", 
    0, 
    2147483647, 
    "code_explorer_custom_root_folder_name"
   ]
  }
 ], 
 "d": {
  "134239924": {
   "__tuple__": true, 
   "items": [
    2147483647, 
    0
   ]
  }, 
  "134271225": {
   "__tuple__": true, 
   "items": [
    2147483647, 
    1
   ]
  }, 
  "134278809": {
   "__tuple__": true, 
   "items": [
    2147483647, 
    2
   ]
  }, 
  "134223336": {
   "__tuple__": true, 
   "items": [
    2147483647, 
    3
   ]
  }, 
  "134261378": {
   "__tuple__": true, 
   "items": [
    2147483647, 
    4
   ]
  }
 }
}