{
    "local_variable": {
        "1236779009": {
            "variable_dict": {
                "BOOLEAN": {
                    "\u5f3a\u5316": false
                }
            }, 
            "variable_length_dict": {
                "\u5f3a\u5316": 0
            }, 
            "variable_type_dict": {
                "\u5f3a\u5316": false
            }
        }
    }, 
    "trigger_dict": {
        "537526274": {
            "action": [
                {
                    "action_type": "PLAY_ANIMATION", 
                    "args_list": [
                        {
                            "arg_type": 100006, 
                            "args_list": [], 
                            "sub_type": "ABILITY_OWNER"
                        }, 
                        {
                            "arg_type": 100003, 
                            "args_list": [
                                "ability_3"
                            ], 
                            "sub_type": 1
                        }, 
                        {
                            "arg_type": 100000, 
                            "args_list": [
                                2.0
                            ], 
                            "sub_type": 1
                        }, 
                        {
                            "arg_type": 100000, 
                            "args_list": [
                                0.0
                            ], 
                            "sub_type": 1
                        }, 
                        {
                            "arg_type": 100000, 
                            "args_list": [
                                -1.0
                            ], 
                            "sub_type": 1
                        }, 
                        {
                            "arg_type": 100001, 
                            "args_list": [
                                false
                            ], 
                            "sub_type": 1
                        }, 
                        {
                            "arg_type": 100001, 
                            "args_list": [
                                true
                            ], 
                            "sub_type": 1
                        }
                    ], 
                    "bp": false, 
                    "element_id": 12751953930015, 
                    "enable": true
                }, 
                {
                    "action_type": "SET_VARIABLE", 
                    "args_list": [
                        {
                            "arg_type": 100148, 
                            "args_list": [
                                [
                                    "SFX_ENTITY", 
                                    "e1", 
                                    "actor"
                                ], 
                                null
                            ], 
                            "sub_type": 4
                        }, 
                        {
                            "arg_type": 100148, 
                            "args_list": [
                                {
                                    "arg_type": 100066, 
                                    "args_list": [
                                        102658
                                    ], 
                                    "sub_type": 1
                                }, 
                                {
                                    "arg_type": 100006, 
                                    "args_list": [], 
                                    "sub_type": "ABILITY_OWNER"
                                }, 
                                {
                                    "arg_type": 100003, 
                                    "args_list": [
                                        "right_hand_effect"
                                    ], 
                                    "sub_type": 1
                                }, 
                                {
                                    "arg_type": 100001, 
                                    "args_list": [
                                        false
                                    ], 
                                    "sub_type": 1
                                }, 
                                {
                                    "arg_type": 100001, 
                                    "args_list": [
                                        true
                                    ], 
                                    "sub_type": 1
                                }
                            ], 
                            "op_arg": [
                                {
                                    "arg_type": 100000, 
                                    "args_list": [
                                        0.13
                                    ], 
                                    "sub_type": 1
                                }, 
                                {
                                    "arg_type": 100000, 
                                    "args_list": [
                                        2.0
                                    ], 
                                    "sub_type": 1
                                }, 
                                null, 
                                null
                            ], 
                            "op_arg_enable": [
                                true, 
                                true, 
                                false, 
                                false
                            ], 
                            "sub_type": "CREATE_SFX_ON_UNIT"
                        }
                    ], 
                    "bp": false, 
                    "element_id": 5375262740026, 
                    "enable": true
                }, 
                {
                    "action_type": "SET_VARIABLE", 
                    "args_list": [
                        {
                            "arg_type": 100148, 
                            "args_list": [
                                [
                                    "SFX_ENTITY", 
                                    "e2", 
                                    "actor"
                                ], 
                                null
                            ], 
                            "sub_type": 4
                        }, 
                        {
                            "arg_type": 100148, 
                            "args_list": [
                                {
                                    "arg_type": 100066, 
                                    "args_list": [
                                        102658
                                    ], 
                                    "sub_type": 1
                                }, 
                                {
                                    "arg_type": 100006, 
                                    "args_list": [], 
                                    "sub_type": "ABILITY_OWNER"
                                }, 
                                {
                                    "arg_type": 100003, 
                                    "args_list": [
                                        "left_hand_effect"
                                    ], 
                                    "sub_type": 1
                                }, 
                                {
                                    "arg_type": 100001, 
                                    "args_list": [
                                        false
                                    ], 
                                    "sub_type": 1
                                }, 
                                {
                                    "arg_type": 100001, 
                                    "args_list": [
                                        true
                                    ], 
                                    "sub_type": 1
                                }
                            ], 
                            "op_arg": [
                                {
                                    "arg_type": 100000, 
                                    "args_list": [
                                        0.13
                                    ], 
                                    "sub_type": 1
                                }, 
                                {
                                    "arg_type": 100000, 
                                    "args_list": [
                                        2.0
                                    ], 
                                    "sub_type": 1
                                }, 
                                null, 
                                null
                            ], 
                            "op_arg_enable": [
                                true, 
                                true, 
                                false, 
                                false
                            ], 
                            "sub_type": "CREATE_SFX_ON_UNIT"
                        }
                    ], 
                    "bp": false, 
                    "element_id": 5375262740030, 
                    "enable": true
                }
            ], 
            "call_enabled": true, 
            "condition": [], 
            "enabled": true, 
            "event": [
                {
                    "args_list": [], 
                    "element_id": 5375262740011, 
                    "enable": true, 
                    "event_type": "ABILITY_PS_START"
                }
            ], 
            "group_id": 134280011, 
            "p_trigger_id": null, 
            "trigger_id": 537526274, 
            "trigger_name": "\u65b0\u5efa\u89e6\u53d1\u5668_2", 
            "valid": true
        }, 
        "1236779009": {
            "action": [
                {
                    "action_type": "SET_VARIABLE", 
                    "args_list": [
                        {
                            "arg_type": 100030, 
                            "args_list": [
                                [
                                    "MODIFIER", 
                                    "\u9b54\u6cd5\u6548\u679c", 
                                    "actor"
                                ]
                            ], 
                            "sub_type": 1
                        }, 
                        {
                            "arg_type": 100046, 
                            "args_list": [
                                134245395
                            ], 
                            "sub_type": 1
                        }
                    ], 
                    "bp": false, 
                    "element_id": 552632321740048, 
                    "enable": true
                }, 
                {
                    "action_type": "SET_VARIABLE", 
                    "args_list": [
                        {
                            "arg_type": 100030, 
                            "args_list": [
                                [
                                    "MODIFIER", 
                                    "\u9b54\u6cd5\u6548\u679c2", 
                                    "actor"
                                ]
                            ], 
                            "sub_type": 1
                        }, 
                        {
                            "arg_type": 100046, 
                            "args_list": [
                                134244340
                            ], 
                            "sub_type": 1
                        }
                    ], 
                    "bp": false, 
                    "element_id": 1236779009210113, 
                    "enable": true
                }, 
                {
                    "action_type": "IF_THEN_ELSE", 
                    "args_list": [
                        {
                            "arg_type": 100021, 
                            "args_list": [
                                {
                                    "args_list": [
                                        {
                                            "arg_type": 100006, 
                                            "args_list": [], 
                                            "sub_type": "ABILITY_OWNER"
                                        }, 
                                        {
                                            "arg_type": 100046, 
                                            "args_list": [
                                                134229657
                                            ], 
                                            "sub_type": 1
                                        }
                                    ], 
                                    "condition_type": "UNIT_HAS_MODIFIER", 
                                    "element_id": 552632321740341, 
                                    "enable": true
                                }, 
                                {
                                    "args_list": [
                                        {
                                            "arg_type": 100002, 
                                            "args_list": [
                                                {
                                                    "arg_type": 100076, 
                                                    "args_list": [
                                                        {
                                                            "arg_type": 100006, 
                                                            "args_list": [], 
                                                            "sub_type": "ABILITY_OWNER"
                                                        }, 
                                                        {
                                                            "arg_type": 100046, 
                                                            "args_list": [
                                                                134229657
                                                            ], 
                                                            "sub_type": 1
                                                        }
                                                    ], 
                                                    "sub_type": "GET_LAST_MODIFIER_INSTANCE"
                                                }
                                            ], 
                                            "sub_type": "GET_MOD_STACK"
                                        }, 
                                        {
                                            "arg_type": 100015, 
                                            "args_list": [
                                                ">="
                                            ], 
                                            "sub_type": 1
                                        }, 
                                        {
                                            "arg_type": 100002, 
                                            "args_list": [
                                                1
                                            ], 
                                            "sub_type": 1
                                        }
                                    ], 
                                    "condition_type": "FLOAT_COMPARE", 
                                    "element_id": 14607892490003, 
                                    "enable": true
                                }
                            ], 
                            "sub_type": 1
                        }, 
                        {
                            "arg_type": 100022, 
                            "args_list": [
                                {
                                    "action_type": "SET_VARIABLE", 
                                    "args_list": [
                                        {
                                            "arg_type": 100030, 
                                            "args_list": [
                                                [
                                                    "MODIFIER", 
                                                    "\u9b54\u6cd5\u6548\u679c", 
                                                    "actor"
                                                ]
                                            ], 
                                            "sub_type": 1
                                        }, 
                                        {
                                            "arg_type": 100046, 
                                            "args_list": [
                                                134226407
                                            ], 
                                            "sub_type": 1
                                        }
                                    ], 
                                    "bp": false, 
                                    "element_id": 1236779009210117, 
                                    "enable": true
                                }, 
                                {
                                    "action_type": "SET_VARIABLE", 
                                    "args_list": [
                                        {
                                            "arg_type": 100030, 
                                            "args_list": [
                                                [
                                                    "MODIFIER", 
                                                    "\u9b54\u6cd5\u6548\u679c2", 
                                                    "actor"
                                                ]
                                            ], 
                                            "sub_type": 1
                                        }, 
                                        {
                                            "arg_type": 100046, 
                                            "args_list": [
                                                134232402
                                            ], 
                                            "sub_type": 1
                                        }
                                    ], 
                                    "bp": false, 
                                    "element_id": 1236779009210121, 
                                    "enable": true
                                }, 
                                {
                                    "action_type": "ADD_BUFF_STACK", 
                                    "args_list": [
                                        {
                                            "arg_type": 100076, 
                                            "args_list": [
                                                {
                                                    "arg_type": 100006, 
                                                    "args_list": [], 
                                                    "sub_type": "ABILITY_OWNER"
                                                }, 
                                                {
                                                    "arg_type": 100046, 
                                                    "args_list": [
                                                        134229657
                                                    ], 
                                                    "sub_type": 1
                                                }
                                            ], 
                                            "sub_type": "GET_LAST_MODIFIER_INSTANCE"
                                        }, 
                                        {
                                            "arg_type": 100002, 
                                            "args_list": [
                                                -1
                                            ], 
                                            "sub_type": 1
                                        }
                                    ], 
                                    "bp": false, 
                                    "element_id": 14607892490004, 
                                    "enable": true
                                }
                            ], 
                            "sub_type": 1
                        }, 
                        {
                            "arg_type": 100022, 
                            "args_list": [], 
                            "sub_type": 1
                        }
                    ], 
                    "bp": false, 
                    "element_id": 1236779009210083, 
                    "enable": true, 
                    "fake_op": [
                        2
                    ]
                }, 
                {
                    "action_type": "IF_THEN_ELSE", 
                    "args_list": [
                        {
                            "arg_type": 100021, 
                            "args_list": [
                                {
                                    "args_list": [
                                        {
                                            "arg_type": 100010, 
                                            "args_list": [
                                                {
                                                    "arg_type": 100006, 
                                                    "args_list": [
                                                        {
                                                            "arg_type": 100014, 
                                                            "args_list": [], 
                                                            "sub_type": "CUR_ABILITY"
                                                        }
                                                    ], 
                                                    "sub_type": "TARGET_UNIT_IN_ABILITY"
                                                }
                                            ], 
                                            "sub_type": "GET_UNIT_TYPE"
                                        }, 
                                        {
                                            "arg_type": 100035, 
                                            "args_list": [
                                                "=="
                                            ], 
                                            "sub_type": 1
                                        }, 
                                        {
                                            "arg_type": 100010, 
                                            "args_list": [
                                                1
                                            ], 
                                            "sub_type": 1
                                        }
                                    ], 
                                    "condition_type": "UNIT_TYPE_COMPARE", 
                                    "element_id": 12367790090093, 
                                    "enable": true
                                }
                            ], 
                            "sub_type": 1
                        }, 
                        {
                            "arg_type": 100022, 
                            "args_list": [
                                {
                                    "action_type": "SET_VARIABLE", 
                                    "args_list": [
                                        {
                                            "arg_type": 100076, 
                                            "args_list": [
                                                [
                                                    "MODIFIER_ENTITY", 
                                                    "\u62a4\u76fe", 
                                                    "actor"
                                                ], 
                                                null
                                            ], 
                                            "sub_type": 11
                                        }, 
                                        {
                                            "arg_type": 100076, 
                                            "args_list": [
                                                {
                                                    "arg_type": 100006, 
                                                    "args_list": [
                                                        {
                                                            "arg_type": 100014, 
                                                            "args_list": [], 
                                                            "sub_type": "CUR_ABILITY"
                                                        }
                                                    ], 
                                                    "sub_type": "TARGET_UNIT_IN_ABILITY"
                                                }, 
                                                {
                                                    "arg_type": 100046, 
                                                    "args_list": [
                                                        [
                                                            "MODIFIER", 
                                                            "\u9b54\u6cd5\u6548\u679c", 
                                                            "actor"
                                                        ]
                                                    ], 
                                                    "sub_type": 2
                                                }
                                            ], 
                                            "op_arg": [
                                                {
                                                    "arg_type": 100006, 
                                                    "args_list": [], 
                                                    "sub_type": "ABILITY_OWNER"
                                                }, 
                                                {
                                                    "arg_type": 100014, 
                                                    "args_list": [], 
                                                    "sub_type": "CUR_ABILITY"
                                                }, 
                                                {
                                                    "arg_type": 100000, 
                                                    "args_list": [
                                                        5.0
                                                    ], 
                                                    "sub_type": 1
                                                }, 
                                                null, 
                                                null
                                            ], 
                                            "op_arg_enable": [
                                                true, 
                                                true, 
                                                true, 
                                                false, 
                                                false
                                            ], 
                                            "sub_type": "ADD_MODIFIER"
                                        }
                                    ], 
                                    "bp": false, 
                                    "element_id": 12367790090004, 
                                    "enable": true
                                }, 
                                {
                                    "action_type": "SET_BUFF_SHIELD", 
                                    "args_list": [
                                        {
                                            "arg_type": 100076, 
                                            "args_list": [
                                                [
                                                    "MODIFIER_ENTITY", 
                                                    "\u62a4\u76fe", 
                                                    "actor"
                                                ], 
                                                null
                                            ], 
                                            "sub_type": 11
                                        }, 
                                        {
                                            "arg_type": 100000, 
                                            "args_list": [
                                                {
                                                    "arg_type": 100014, 
                                                    "args_list": [], 
                                                    "sub_type": "CUR_ABILITY"
                                                }, 
                                                {
                                                    "arg_type": 100003, 
                                                    "args_list": [
                                                        "\u62a4\u76fe\u503c"
                                                    ], 
                                                    "sub_type": 1
                                                }
                                            ], 
                                            "sub_type": "GET_FLOAT_KV"
                                        }
                                    ], 
                                    "bp": false, 
                                    "element_id": 12367790090005, 
                                    "enable": true
                                }
                            ], 
                            "sub_type": 1
                        }, 
                        {
                            "arg_type": 100022, 
                            "args_list": [
                                {
                                    "action_type": "SET_VARIABLE", 
                                    "args_list": [
                                        {
                                            "arg_type": 100076, 
                                            "args_list": [
                                                [
                                                    "MODIFIER_ENTITY", 
                                                    "\u62a4\u76fe", 
                                                    "actor"
                                                ], 
                                                null
                                            ], 
                                            "sub_type": 11
                                        }, 
                                        {
                                            "arg_type": 100076, 
                                            "args_list": [
                                                {
                                                    "arg_type": 100006, 
                                                    "args_list": [
                                                        {
                                                            "arg_type": 100014, 
                                                            "args_list": [], 
                                                            "sub_type": "CUR_ABILITY"
                                                        }
                                                    ], 
                                                    "sub_type": "TARGET_UNIT_IN_ABILITY"
                                                }, 
                                                {
                                                    "arg_type": 100046, 
                                                    "args_list": [
                                                        [
                                                            "MODIFIER", 
                                                            "\u9b54\u6cd5\u6548\u679c2", 
                                                            "actor"
                                                        ]
                                                    ], 
                                                    "sub_type": 2
                                                }
                                            ], 
                                            "op_arg": [
                                                {
                                                    "arg_type": 100006, 
                                                    "args_list": [], 
                                                    "sub_type": "ABILITY_OWNER"
                                                }, 
                                                {
                                                    "arg_type": 100014, 
                                                    "args_list": [], 
                                                    "sub_type": "CUR_ABILITY"
                                                }, 
                                                {
                                                    "arg_type": 100000, 
                                                    "args_list": [
                                                        5.0
                                                    ], 
                                                    "sub_type": 1
                                                }, 
                                                null, 
                                                null
                                            ], 
                                            "op_arg_enable": [
                                                true, 
                                                true, 
                                                true, 
                                                false, 
                                                false
                                            ], 
                                            "sub_type": "ADD_MODIFIER"
                                        }
                                    ], 
                                    "bp": false, 
                                    "element_id": 12367790090103, 
                                    "enable": true
                                }, 
                                {
                                    "action_type": "SET_BUFF_SHIELD", 
                                    "args_list": [
                                        {
                                            "arg_type": 100076, 
                                            "args_list": [
                                                [
                                                    "MODIFIER_ENTITY", 
                                                    "\u62a4\u76fe", 
                                                    "actor"
                                                ], 
                                                null
                                            ], 
                                            "sub_type": 11
                                        }, 
                                        {
                                            "arg_type": 100000, 
                                            "args_list": [
                                                {
                                                    "arg_type": 100014, 
                                                    "args_list": [], 
                                                    "sub_type": "CUR_ABILITY"
                                                }, 
                                                {
                                                    "arg_type": 100003, 
                                                    "args_list": [
                                                        "\u62a4\u76fe\u503c"
                                                    ], 
                                                    "sub_type": 1
                                                }
                                            ], 
                                            "sub_type": "GET_FLOAT_KV"
                                        }
                                    ], 
                                    "bp": false, 
                                    "element_id": 12367790090110, 
                                    "enable": true
                                }
                            ], 
                            "sub_type": 1
                        }
                    ], 
                    "bp": false, 
                    "element_id": 12367790090086, 
                    "enable": true, 
                    "fake_op": [
                        2
                    ]
                }
            ], 
            "call_enabled": true, 
            "condition": [], 
            "enabled": true, 
            "event": [
                {
                    "args_list": [], 
                    "element_id": 12367790090002, 
                    "enable": true, 
                    "event_type": "ABILITY_SP_END"
                }
            ], 
            "group_id": 134280011, 
            "p_trigger_id": null, 
            "trigger_id": 1236779009, 
            "trigger_name": "\u65b0\u5efa\u89e6\u53d1\u5668", 
            "valid": true
        }
    }, 
    "trigger_group_info": [
        {
            "_trigger_group_": true, 
            "group": [
                [
                    537526274, 
                    "\u65b0\u5efa\u89e6\u53d1\u5668_2"
                ], 
                [
                    1236779009, 
                    "\u65b0\u5efa\u89e6\u53d1\u5668"
                ]
            ], 
            "key": 134280011, 
            "name": "134280011"
        }
    ], 
    "trigger_version": "1.2", 
    "variable_dict": {
        "MODIFIER": {
            "\u9b54\u6cd5\u6548\u679c": 0, 
            "\u9b54\u6cd5\u6548\u679c2": 0
        }, 
        "MODIFIER_ENTITY": {
            "\u62a4\u76fe": 0
        }, 
        "PROJECTILE_ENTITY": {
            "\u6295\u5c04\u7269": 0
        }, 
        "SFX_ENTITY": {
            "e1": 0, 
            "e2": 0
        }
    }, 
    "variable_group_info": [
        [
            "\u6295\u5c04\u7269", 
            "(\u6295\u5c04\u7269)"
        ], 
        [
            "\u62a4\u76fe", 
            "(\u62a4\u76fe)"
        ], 
        [
            "e1", 
            "(e1)"
        ], 
        [
            "e2", 
            "(e2)"
        ], 
        [
            "\u9b54\u6cd5\u6548\u679c", 
            "\u9b54\u6cd5\u6548\u679c_2"
        ], 
        [
            "\u9b54\u6cd5\u6548\u679c2", 
            "\u9b54\u6cd5\u6548\u679c2_2"
        ]
    ], 
    "variable_length_dict": {
        "e1": 0, 
        "e2": 0, 
        "\u6295\u5c04\u7269": 0, 
        "\u62a4\u76fe": 0, 
        "\u9b54\u6cd5\u6548\u679c": 0, 
        "\u9b54\u6cd5\u6548\u679c2": 0
    }, 
    "variable_type_dict": {
        "e1": false, 
        "e2": false, 
        "\u6295\u5c04\u7269": false, 
        "\u62a4\u76fe": false, 
        "\u9b54\u6cd5\u6548\u679c": false, 
        "\u9b54\u6cd5\u6548\u679c2": false
    }
}