{
    "local_variable": {
        "75612161": {
            "variable_dict": {
                "PROJECTILE_ENTITY": {
                    "bld": 0
                }
            }, 
            "variable_length_dict": {
                "bld": 0
            }, 
            "variable_type_dict": {
                "bld": false
            }
        }
    }, 
    "trigger_dict": {
        "75612161": {
            "action": [
                {
                    "action_type": "PICK_UNIT_DO_ACTION", 
                    "args_list": [
                        {
                            "arg_type": 100026, 
                            "args_list": [
                                {
                                    "arg_type": 100004, 
                                    "args_list": [
                                        {
                                            "arg_type": 100006, 
                                            "args_list": [], 
                                            "sub_type": "ABILITY_OWNER"
                                        }
                                    ], 
                                    "sub_type": "UNIT_ENTITY_POINT"
                                }, 
                                {
                                    "arg_type": 100211, 
                                    "args_list": [
                                        {
                                            "arg_type": 100000, 
                                            "args_list": [
                                                500.0
                                            ], 
                                            "sub_type": 1
                                        }
                                    ], 
                                    "sub_type": "CONST_CIRCULAR_SHAPE"
                                }
                            ], 
                            "op_arg": [
                                null, 
                                null, 
                                null, 
                                null, 
                                null, 
                                null, 
                                null, 
                                {
                                    "arg_type": 100006, 
                                    "args_list": [], 
                                    "sub_type": "ABILITY_OWNER"
                                }, 
                                null, 
                                null, 
                                null, 
                                {
                                    "arg_type": 100001, 
                                    "args_list": [
                                        false
                                    ], 
                                    "sub_type": 1
                                }, 
                                null, 
                                null
                            ], 
                            "op_arg_enable": [
                                false, 
                                false, 
                                false, 
                                false, 
                                false, 
                                false, 
                                false, 
                                true, 
                                false, 
                                false, 
                                false, 
                                true, 
                                false, 
                                false
                            ], 
                            "sub_type": "UNIT_LIST_IN_SHAPE"
                        }, 
                        {
                            "arg_type": 100022, 
                            "args_list": [
                                {
                                    "action_type": "IF_THEN_ELSE", 
                                    "args_list": [
                                        {
                                            "arg_type": 100021, 
                                            "args_list": [
                                                {
                                                    "args_list": [
                                                        {
                                                            "arg_type": 100010, 
                                                            "args_list": [
                                                                2
                                                            ], 
                                                            "sub_type": 1
                                                        }, 
                                                        {
                                                            "arg_type": 100035, 
                                                            "args_list": [
                                                                "!="
                                                            ], 
                                                            "sub_type": 1
                                                        }, 
                                                        {
                                                            "arg_type": 100010, 
                                                            "args_list": [
                                                                {
                                                                    "arg_type": 100006, 
                                                                    "args_list": [], 
                                                                    "sub_type": "FOR_EACH_SELECTED_UNIT"
                                                                }
                                                            ], 
                                                            "sub_type": "GET_UNIT_TYPE"
                                                        }
                                                    ], 
                                                    "condition_type": "UNIT_TYPE_COMPARE", 
                                                    "element_id": 13934346250004, 
                                                    "enable": true
                                                }, 
                                                {
                                                    "args_list": [
                                                        {
                                                            "arg_type": 100006, 
                                                            "args_list": [], 
                                                            "sub_type": "ABILITY_OWNER"
                                                        }, 
                                                        {
                                                            "arg_type": 100006, 
                                                            "args_list": [], 
                                                            "sub_type": "FOR_EACH_SELECTED_UNIT"
                                                        }
                                                    ], 
                                                    "condition_type": "IS_ENEMY", 
                                                    "element_id": 756121610003, 
                                                    "enable": true
                                                }
                                            ], 
                                            "sub_type": 1
                                        }, 
                                        {
                                            "arg_type": 100022, 
                                            "args_list": [
                                                {
                                                    "action_type": "APPLY_DAMAGE", 
                                                    "args_list": [
                                                        {
                                                            "arg_type": 100006, 
                                                            "args_list": [], 
                                                            "sub_type": "ABILITY_OWNER"
                                                        }, 
                                                        {
                                                            "arg_type": 100014, 
                                                            "args_list": [], 
                                                            "sub_type": "CUR_ABILITY"
                                                        }, 
                                                        {
                                                            "arg_type": 100006, 
                                                            "args_list": [], 
                                                            "sub_type": "FOR_EACH_SELECTED_UNIT"
                                                        }, 
                                                        {
                                                            "arg_type": 100064, 
                                                            "args_list": [
                                                                1
                                                            ], 
                                                            "sub_type": 1
                                                        }, 
                                                        {
                                                            "arg_type": 100000, 
                                                            "args_list": [
                                                                {
                                                                    "arg_type": 100000, 
                                                                    "args_list": [
                                                                        {
                                                                            "arg_type": 100014, 
                                                                            "args_list": [], 
                                                                            "sub_type": "CUR_ABILITY"
                                                                        }, 
                                                                        {
                                                                            "arg_type": 100003, 
                                                                            "args_list": [
                                                                                "damage"
                                                                            ], 
                                                                            "sub_type": 1
                                                                        }
                                                                    ], 
                                                                    "sub_type": "GET_FLOAT_KV"
                                                                }, 
                                                                {
                                                                    "arg_type": 100017, 
                                                                    "args_list": [
                                                                        "+"
                                                                    ], 
                                                                    "sub_type": 1
                                                                }, 
                                                                {
                                                                    "arg_type": 100000, 
                                                                    "args_list": [
                                                                        {
                                                                            "arg_type": 100000, 
                                                                            "args_list": [
                                                                                {
                                                                                    "arg_type": 100006, 
                                                                                    "args_list": [], 
                                                                                    "sub_type": "FOR_EACH_SELECTED_UNIT"
                                                                                }, 
                                                                                {
                                                                                    "arg_type": 100301, 
                                                                                    "args_list": [
                                                                                        "ATTR_RESULT"
                                                                                    ], 
                                                                                    "sub_type": 1
                                                                                }, 
                                                                                {
                                                                                    "arg_type": 100042, 
                                                                                    "args_list": [
                                                                                        "hp_max"
                                                                                    ], 
                                                                                    "sub_type": 1
                                                                                }
                                                                            ], 
                                                                            "sub_type": "GET_UNIT_ATTR"
                                                                        }, 
                                                                        {
                                                                            "arg_type": 100017, 
                                                                            "args_list": [
                                                                                "*"
                                                                            ], 
                                                                            "sub_type": 1
                                                                        }, 
                                                                        {
                                                                            "arg_type": 100000, 
                                                                            "args_list": [
                                                                                0.02
                                                                            ], 
                                                                            "sub_type": 1
                                                                        }
                                                                    ], 
                                                                    "sub_type": "ARITHMETIC_OPERATION"
                                                                }
                                                            ], 
                                                            "sub_type": "ARITHMETIC_OPERATION"
                                                        }, 
                                                        {
                                                            "arg_type": 100001, 
                                                            "args_list": [
                                                                true
                                                            ], 
                                                            "sub_type": 1
                                                        }
                                                    ], 
                                                    "bp": false, 
                                                    "element_id": 756121610004, 
                                                    "enable": true, 
                                                    "op_arg": [
                                                        {
                                                            "arg_type": 100001, 
                                                            "args_list": [
                                                                true
                                                            ], 
                                                            "sub_type": 1
                                                        }, 
                                                        {
                                                            "arg_type": 100001, 
                                                            "args_list": [
                                                                true
                                                            ], 
                                                            "sub_type": 1
                                                        }, 
                                                        {
                                                            "arg_type": 100001, 
                                                            "args_list": [
                                                                true
                                                            ], 
                                                            "sub_type": 1
                                                        }, 
                                                        null, 
                                                        null, 
                                                        null
                                                    ], 
                                                    "op_arg_enable": [
                                                        false, 
                                                        false, 
                                                        false, 
                                                        false, 
                                                        false, 
                                                        false
                                                    ]
                                                }, 
                                                {
                                                    "action_type": "ADD_MODIFIER", 
                                                    "args_list": [
                                                        {
                                                            "arg_type": 100006, 
                                                            "args_list": [], 
                                                            "sub_type": "FOR_EACH_SELECTED_UNIT"
                                                        }, 
                                                        {
                                                            "arg_type": 100046, 
                                                            "args_list": [
                                                                134256766
                                                            ], 
                                                            "sub_type": 1
                                                        }
                                                    ], 
                                                    "bp": false, 
                                                    "element_id": 756121610005, 
                                                    "enable": true, 
                                                    "op_arg": [
                                                        {
                                                            "arg_type": 100006, 
                                                            "args_list": [], 
                                                            "sub_type": "ABILITY_OWNER"
                                                        }, 
                                                        {
                                                            "arg_type": 100014, 
                                                            "args_list": [], 
                                                            "sub_type": "CUR_ABILITY"
                                                        }, 
                                                        {
                                                            "arg_type": 100000, 
                                                            "args_list": [
                                                                6.0
                                                            ], 
                                                            "sub_type": 1
                                                        }, 
                                                        null, 
                                                        {
                                                            "arg_type": 100002, 
                                                            "args_list": [
                                                                1
                                                            ], 
                                                            "sub_type": 1
                                                        }
                                                    ], 
                                                    "op_arg_enable": [
                                                        true, 
                                                        true, 
                                                        true, 
                                                        false, 
                                                        true
                                                    ]
                                                }
                                            ], 
                                            "sub_type": 1
                                        }, 
                                        {
                                            "arg_type": 100022, 
                                            "args_list": [], 
                                            "sub_type": 1
                                        }
                                    ], 
                                    "bp": false, 
                                    "element_id": 756121610076, 
                                    "enable": true, 
                                    "fake_op": [
                                        2
                                    ]
                                }
                            ], 
                            "sub_type": 1
                        }
                    ], 
                    "bp": false, 
                    "element_id": 756121610006, 
                    "enable": true
                }, 
                {
                    "action_type": "IF_THEN_ELSE", 
                    "args_list": [
                        {
                            "arg_type": 100021, 
                            "args_list": [
                                {
                                    "args_list": [
                                        {
                                            "arg_type": 100000, 
                                            "args_list": [
                                                {
                                                    "arg_type": 100006, 
                                                    "args_list": [], 
                                                    "sub_type": "ABILITY_OWNER"
                                                }
                                            ], 
                                            "sub_type": "GET_HP_CUR"
                                        }, 
                                        {
                                            "arg_type": 100015, 
                                            "args_list": [
                                                ">="
                                            ], 
                                            "sub_type": 1
                                        }, 
                                        {
                                            "arg_type": 100000, 
                                            "args_list": [
                                                {
                                                    "arg_type": 100000, 
                                                    "args_list": [
                                                        {
                                                            "arg_type": 100006, 
                                                            "args_list": [], 
                                                            "sub_type": "ABILITY_OWNER"
                                                        }, 
                                                        {
                                                            "arg_type": 100301, 
                                                            "args_list": [
                                                                "ATTR_RESULT"
                                                            ], 
                                                            "sub_type": 1
                                                        }, 
                                                        {
                                                            "arg_type": 100042, 
                                                            "args_list": [
                                                                "hp_max"
                                                            ], 
                                                            "sub_type": 1
                                                        }
                                                    ], 
                                                    "sub_type": "GET_UNIT_ATTR"
                                                }, 
                                                {
                                                    "arg_type": 100017, 
                                                    "args_list": [
                                                        "*"
                                                    ], 
                                                    "sub_type": 1
                                                }, 
                                                {
                                                    "arg_type": 100000, 
                                                    "args_list": [
                                                        0.03
                                                    ], 
                                                    "sub_type": 1
                                                }
                                            ], 
                                            "sub_type": "ARITHMETIC_OPERATION"
                                        }
                                    ], 
                                    "condition_type": "FLOAT_COMPARE", 
                                    "element_id": 756121610008, 
                                    "enable": true
                                }
                            ], 
                            "sub_type": 1
                        }, 
                        {
                            "arg_type": 100022, 
                            "args_list": [
                                {
                                    "action_type": "SET_CUR_HP", 
                                    "args_list": [
                                        {
                                            "arg_type": 100006, 
                                            "args_list": [], 
                                            "sub_type": "ABILITY_OWNER"
                                        }, 
                                        {
                                            "arg_type": 100000, 
                                            "args_list": [
                                                {
                                                    "arg_type": 100000, 
                                                    "args_list": [
                                                        {
                                                            "arg_type": 100006, 
                                                            "args_list": [], 
                                                            "sub_type": "ABILITY_OWNER"
                                                        }
                                                    ], 
                                                    "sub_type": "GET_HP_CUR"
                                                }, 
                                                {
                                                    "arg_type": 100017, 
                                                    "args_list": [
                                                        "-"
                                                    ], 
                                                    "sub_type": 1
                                                }, 
                                                {
                                                    "arg_type": 100000, 
                                                    "args_list": [
                                                        {
                                                            "arg_type": 100000, 
                                                            "args_list": [
                                                                {
                                                                    "arg_type": 100006, 
                                                                    "args_list": [], 
                                                                    "sub_type": "ABILITY_OWNER"
                                                                }, 
                                                                {
                                                                    "arg_type": 100301, 
                                                                    "args_list": [
                                                                        "ATTR_RESULT"
                                                                    ], 
                                                                    "sub_type": 1
                                                                }, 
                                                                {
                                                                    "arg_type": 100042, 
                                                                    "args_list": [
                                                                        "hp_max"
                                                                    ], 
                                                                    "sub_type": 1
                                                                }
                                                            ], 
                                                            "sub_type": "GET_UNIT_ATTR"
                                                        }, 
                                                        {
                                                            "arg_type": 100017, 
                                                            "args_list": [
                                                                "*"
                                                            ], 
                                                            "sub_type": 1
                                                        }, 
                                                        {
                                                            "arg_type": 100000, 
                                                            "args_list": [
                                                                0.03
                                                            ], 
                                                            "sub_type": 1
                                                        }
                                                    ], 
                                                    "sub_type": "ARITHMETIC_OPERATION"
                                                }
                                            ], 
                                            "sub_type": "ARITHMETIC_OPERATION"
                                        }
                                    ], 
                                    "bp": false, 
                                    "element_id": 756121610009, 
                                    "enable": true
                                }
                            ], 
                            "sub_type": 1
                        }, 
                        {
                            "arg_type": 100022, 
                            "args_list": [
                                {
                                    "action_type": "SET_CUR_HP", 
                                    "args_list": [
                                        {
                                            "arg_type": 100006, 
                                            "args_list": [], 
                                            "sub_type": "ABILITY_OWNER"
                                        }, 
                                        {
                                            "arg_type": 100000, 
                                            "args_list": [
                                                1.0
                                            ], 
                                            "sub_type": 1
                                        }
                                    ], 
                                    "bp": false, 
                                    "element_id": 756121610010, 
                                    "enable": true
                                }
                            ], 
                            "sub_type": 1
                        }
                    ], 
                    "bp": false, 
                    "element_id": 756121610035, 
                    "enable": true, 
                    "fake_op": [
                        2
                    ]
                }
            ], 
            "call_enabled": true, 
            "condition": [], 
            "enabled": true, 
            "event": [
                {
                    "args_list": [], 
                    "element_id": 756121610002, 
                    "enable": true, 
                    "event_type": "ABILITY_SP_END"
                }
            ], 
            "group_id": 134281451, 
            "p_trigger_id": null, 
            "trigger_id": 75612161, 
            "trigger_name": "\u65b0\u5efa\u89e6\u53d1\u5668", 
            "valid": true
        }, 
        "1303142402": {
            "action": [
                {
                    "action_type": "PLAY_ANIMATION", 
                    "args_list": [
                        {
                            "arg_type": 100006, 
                            "args_list": [], 
                            "sub_type": "ABILITY_OWNER"
                        }, 
                        {
                            "arg_type": 100003, 
                            "args_list": [
                                "ability_2_1"
                            ], 
                            "sub_type": 1
                        }, 
                        {
                            "arg_type": 100000, 
                            "args_list": [
                                1.0
                            ], 
                            "sub_type": 1
                        }, 
                        {
                            "arg_type": 100000, 
                            "args_list": [
                                0.0
                            ], 
                            "sub_type": 1
                        }, 
                        {
                            "arg_type": 100000, 
                            "args_list": [
                                -1.0
                            ], 
                            "sub_type": 1
                        }, 
                        {
                            "arg_type": 100001, 
                            "args_list": [
                                false
                            ], 
                            "sub_type": 1
                        }, 
                        {
                            "arg_type": 100001, 
                            "args_list": [
                                false
                            ], 
                            "sub_type": 1
                        }
                    ], 
                    "bp": false, 
                    "element_id": 19236413460007, 
                    "enable": true
                }
            ], 
            "call_enabled": true, 
            "condition": [], 
            "enabled": true, 
            "event": [
                {
                    "args_list": [], 
                    "element_id": 13031424020011, 
                    "enable": true, 
                    "event_type": "ABILITY_PS_START"
                }
            ], 
            "group_id": 134281451, 
            "p_trigger_id": null, 
            "trigger_id": 1303142402, 
            "trigger_name": "\u65b0\u5efa\u89e6\u53d1\u5668_2", 
            "valid": true
        }, 
        "1354878979": {
            "action": [
                {
                    "action_type": "PLAY_ANIMATION", 
                    "args_list": [
                        {
                            "arg_type": 100006, 
                            "args_list": [], 
                            "sub_type": "ABILITY_OWNER"
                        }, 
                        {
                            "arg_type": 100003, 
                            "args_list": [
                                "ability_2_3"
                            ], 
                            "sub_type": 1
                        }, 
                        {
                            "arg_type": 100000, 
                            "args_list": [
                                1.0
                            ], 
                            "sub_type": 1
                        }, 
                        {
                            "arg_type": 100000, 
                            "args_list": [
                                0.0
                            ], 
                            "sub_type": 1
                        }, 
                        {
                            "arg_type": 100000, 
                            "args_list": [
                                -1.0
                            ], 
                            "sub_type": 1
                        }, 
                        {
                            "arg_type": 100001, 
                            "args_list": [
                                false
                            ], 
                            "sub_type": 1
                        }, 
                        {
                            "arg_type": 100001, 
                            "args_list": [
                                true
                            ], 
                            "sub_type": 1
                        }
                    ], 
                    "bp": false, 
                    "element_id": 19236413460007, 
                    "enable": true
                }
            ], 
            "call_enabled": true, 
            "condition": [], 
            "enabled": true, 
            "event": [
                {
                    "args_list": [], 
                    "element_id": 13548789790002, 
                    "enable": true, 
                    "event_type": "ABILITY_CST_END"
                }
            ], 
            "group_id": 134281451, 
            "p_trigger_id": null, 
            "trigger_id": 1354878979, 
            "trigger_name": "\u65b0\u5efa\u89e6\u53d1\u5668_3", 
            "valid": true
        }, 
        "1371734020": {
            "action": [
                {
                    "action_type": "PLAY_ANIMATION", 
                    "args_list": [
                        {
                            "arg_type": 100006, 
                            "args_list": [], 
                            "sub_type": "ABILITY_OWNER"
                        }, 
                        {
                            "arg_type": 100003, 
                            "args_list": [
                                "ability_2_2"
                            ], 
                            "sub_type": 1
                        }, 
                        {
                            "arg_type": 100000, 
                            "args_list": [
                                1.0
                            ], 
                            "sub_type": 1
                        }, 
                        {
                            "arg_type": 100000, 
                            "args_list": [
                                0.0
                            ], 
                            "sub_type": 1
                        }, 
                        {
                            "arg_type": 100000, 
                            "args_list": [
                                -1.0
                            ], 
                            "sub_type": 1
                        }, 
                        {
                            "arg_type": 100001, 
                            "args_list": [
                                false
                            ], 
                            "sub_type": 1
                        }, 
                        {
                            "arg_type": 100001, 
                            "args_list": [
                                true
                            ], 
                            "sub_type": 1
                        }
                    ], 
                    "bp": false, 
                    "element_id": 19236413460007, 
                    "enable": true
                }, 
                {
                    "action_type": "CREATE_SFX_ON_UNIT", 
                    "args_list": [
                        {
                            "arg_type": 100066, 
                            "args_list": [
                                102594
                            ], 
                            "sub_type": 1
                        }, 
                        {
                            "arg_type": 100006, 
                            "args_list": [], 
                            "sub_type": "ABILITY_OWNER"
                        }, 
                        {
                            "arg_type": 100003, 
                            "args_list": [
                                "sheild"
                            ], 
                            "sub_type": 1
                        }, 
                        {
                            "arg_type": 100001, 
                            "args_list": [
                                true
                            ], 
                            "sub_type": 1
                        }, 
                        {
                            "arg_type": 100001, 
                            "args_list": [
                                true
                            ], 
                            "sub_type": 1
                        }
                    ], 
                    "bp": false, 
                    "element_id": 756121610077, 
                    "enable": true, 
                    "op_arg": [
                        null, 
                        {
                            "arg_type": 100000, 
                            "args_list": [
                                0.5
                            ], 
                            "sub_type": 1
                        }, 
                        null, 
                        null
                    ], 
                    "op_arg_enable": [
                        false, 
                        true, 
                        false, 
                        false
                    ]
                }, 
                {
                    "action_type": "CREATE_SFX_ON_POINT", 
                    "args_list": [
                        {
                            "arg_type": 100066, 
                            "args_list": [
                                102593
                            ], 
                            "sub_type": 1
                        }, 
                        {
                            "arg_type": 100004, 
                            "args_list": [
                                {
                                    "arg_type": 100006, 
                                    "args_list": [], 
                                    "sub_type": "ABILITY_OWNER"
                                }
                            ], 
                            "sub_type": "UNIT_ENTITY_POINT"
                        }
                    ], 
                    "bp": false, 
                    "element_id": 756121610067, 
                    "enable": true, 
                    "op_arg": [
                        null, 
                        null, 
                        {
                            "arg_type": 100000, 
                            "args_list": [
                                200.0
                            ], 
                            "sub_type": 1
                        }, 
                        {
                            "arg_type": 100000, 
                            "args_list": [
                                1.0
                            ], 
                            "sub_type": 1
                        }, 
                        null
                    ], 
                    "op_arg_enable": [
                        false, 
                        false, 
                        true, 
                        true, 
                        false
                    ]
                }
            ], 
            "call_enabled": true, 
            "condition": [], 
            "enabled": true, 
            "event": [
                {
                    "args_list": [], 
                    "element_id": 13717340200002, 
                    "enable": true, 
                    "event_type": "ABILITY_PS_END"
                }
            ], 
            "group_id": 134281451, 
            "p_trigger_id": null, 
            "trigger_id": 1371734020, 
            "trigger_name": "\u65b0\u5efa\u89e6\u53d1\u5668_4", 
            "valid": true
        }
    }, 
    "trigger_group_info": [
        {
            "_trigger_group_": true, 
            "group": [
                [
                    75612161, 
                    "\u65b0\u5efa\u89e6\u53d1\u5668"
                ], 
                [
                    1303142402, 
                    "\u65b0\u5efa\u89e6\u53d1\u5668_2"
                ], 
                [
                    1354878979, 
                    "\u65b0\u5efa\u89e6\u53d1\u5668_3"
                ], 
                [
                    1371734020, 
                    "\u65b0\u5efa\u89e6\u53d1\u5668_4"
                ]
            ], 
            "key": 134281451, 
            "name": "134281451"
        }
    ], 
    "trigger_version": "1.2", 
    "variable_dict": {}, 
    "variable_group_info": [], 
    "variable_length_dict": {}, 
    "variable_type_dict": {}
}