{
    "local_variable": {}, 
    "trigger_dict": {
        "1126854657": {
            "action": [
                {
                    "action_type": "BREAK_ABILITY_CS", 
                    "args_list": [], 
                    "bp": false, 
                    "element_id": 1126854657000002, 
                    "enable": true
                }
            ], 
            "call_enabled": true, 
            "condition": [], 
            "enabled": true, 
            "event": [
                {
                    "args_list": [], 
                    "element_id": 1126854657000001, 
                    "enable": true, 
                    "event_type": "ABILITY_CS_START"
                }
            ], 
            "group_id": 134259539, 
            "p_trigger_id": null, 
            "trigger_id": 1126854657, 
            "trigger_name": "\u65b0\u5efa\u89e6\u53d1\u5668", 
            "valid": true
        }, 
        "1882439682": {
            "action": [
                {
                    "action_type": "ADD_MODIFIER", 
                    "args_list": [
                        {
                            "arg_type": 100006, 
                            "args_list": [], 
                            "sub_type": "ABILITY_OWNER"
                        }, 
                        {
                            "arg_type": 100046, 
                            "args_list": [
                                134272772
                            ], 
                            "sub_type": 1
                        }
                    ], 
                    "bp": false, 
                    "element_id": 1882439682000004, 
                    "enable": true, 
                    "op_arg": [
                        null, 
                        {
                            "arg_type": 100014, 
                            "args_list": [], 
                            "sub_type": "CUR_ABILITY"
                        }, 
                        null, 
                        null, 
                        null
                    ], 
                    "op_arg_enable": [
                        false, 
                        true, 
                        false, 
                        false, 
                        false
                    ]
                }
            ], 
            "call_enabled": true, 
            "condition": [], 
            "enabled": true, 
            "event": [
                {
                    "args_list": [], 
                    "element_id": 1882439682000001, 
                    "enable": true, 
                    "event_type": "ABILITY_OBTAIN"
                }
            ], 
            "group_id": 134259539, 
            "p_trigger_id": null, 
            "trigger_id": 1882439682, 
            "trigger_name": "\u65b0\u5efa\u89e6\u53d1\u5668_2", 
            "valid": true
        }
    }, 
    "trigger_group_info": [
        {
            "_trigger_group_": true, 
            "group": [
                [
                    1126854657, 
                    "\u65b0\u5efa\u89e6\u53d1\u5668"
                ], 
                [
                    1882439682, 
                    "\u65b0\u5efa\u89e6\u53d1\u5668_2"
                ]
            ], 
            "key": 134259539, 
            "name": "134259539"
        }
    ], 
    "trigger_version": "1.2", 
    "variable_dict": {}, 
    "variable_group_info": [], 
    "variable_length_dict": {}, 
    "variable_type_dict": {}
}