{
    "local_variable": {}, 
    "trigger_dict": {
        "1647607809": {
            "action": [
                {
                    "action_type": "ADD_MODIFIER", 
                    "args_list": [
                        {
                            "arg_type": 100006, 
                            "args_list": [], 
                            "sub_type": "ABILITY_OWNER"
                        }, 
                        {
                            "arg_type": 100046, 
                            "args_list": [
                                201341321
                            ], 
                            "sub_type": 1
                        }
                    ], 
                    "bp": false, 
                    "element_id": 16476078090017, 
                    "enable": true, 
                    "op_arg": [
                        null, 
                        {
                            "arg_type": 100014, 
                            "args_list": [], 
                            "sub_type": "CUR_ABILITY"
                        }, 
                        {
                            "arg_type": 100000, 
                            "args_list": [
                                10.0
                            ], 
                            "sub_type": 1
                        }, 
                        null, 
                        null
                    ], 
                    "op_arg_enable": [
                        false, 
                        true, 
                        true, 
                        false, 
                        false
                    ]
                }
            ], 
            "call_enabled": true, 
            "condition": [], 
            "enabled": true, 
            "event": [
                {
                    "args_list": [], 
                    "element_id": 16476078090003, 
                    "enable": true, 
                    "event_type": "ABILITY_PS_END"
                }
            ], 
            "group_id": 201328182, 
            "p_trigger_id": null, 
            "trigger_id": 1647607809, 
            "trigger_name": "AbilityPercastEnds", 
            "valid": false
        }
    }, 
    "trigger_group_info": [
        {
            "_trigger_group_": true, 
            "group": [
                [
                    1647607809, 
                    "AbilityPercastEnds"
                ]
            ], 
            "key": 201328182, 
            "name": "201328182"
        }
    ], 
    "trigger_version": "1.2", 
    "variable_dict": {}, 
    "variable_group_info": [], 
    "variable_length_dict": {}, 
    "variable_type_dict": {}
}