{
    "local_variable": {}, 
    "trigger_dict": {
        "686837762": {
            "action": [
                {
                    "action_type": "PLAY_ANIMATION", 
                    "args_list": [
                        {
                            "arg_type": 100006, 
                            "args_list": [], 
                            "sub_type": "ABILITY_OWNER"
                        }, 
                        {
                            "arg_type": 100003, 
                            "args_list": [
                                "skill1"
                            ], 
                            "sub_type": 1
                        }, 
                        {
                            "arg_type": 100000, 
                            "args_list": [
                                1.2
                            ], 
                            "sub_type": 1
                        }, 
                        {
                            "arg_type": 100000, 
                            "args_list": [
                                0.0
                            ], 
                            "sub_type": 1
                        }, 
                        {
                            "arg_type": 100000, 
                            "args_list": [
                                -1.0
                            ], 
                            "sub_type": 1
                        }, 
                        {
                            "arg_type": 100001, 
                            "args_list": [
                                false
                            ], 
                            "sub_type": 1
                        }, 
                        {
                            "arg_type": 100001, 
                            "args_list": [
                                false
                            ], 
                            "sub_type": 1
                        }
                    ], 
                    "bp": false, 
                    "element_id": 1311133697000005, 
                    "enable": true
                }
            ], 
            "call_enabled": true, 
            "condition": [], 
            "enabled": true, 
            "event": [
                {
                    "args_list": [], 
                    "element_id": 686837762000001, 
                    "enable": true, 
                    "event_type": "ABILITY_PS_START"
                }
            ], 
            "group_id": 201388728, 
            "p_trigger_id": null, 
            "trigger_id": 686837762, 
            "trigger_name": "Prepare", 
            "valid": true
        }, 
        "703598593": {
            "action": [
                {
                    "action_type": "CREATE_SFX_ON_POINT", 
                    "args_list": [
                        {
                            "arg_type": 100066, 
                            "args_list": [
                                103718
                            ], 
                            "sub_type": 1
                        }, 
                        {
                            "arg_type": 100004, 
                            "args_list": [
                                {
                                    "arg_type": 100006, 
                                    "args_list": [], 
                                    "sub_type": "ABILITY_OWNER"
                                }
                            ], 
                            "sub_type": "UNIT_ENTITY_POINT"
                        }
                    ], 
                    "bp": false, 
                    "element_id": 809566210000010, 
                    "enable": true, 
                    "op_arg": [
                        null, 
                        {
                            "arg_type": 100000, 
                            "args_list": [
                                1.0
                            ], 
                            "sub_type": 1
                        }, 
                        null, 
                        null, 
                        null
                    ], 
                    "op_arg_enable": [
                        false, 
                        true, 
                        false, 
                        false, 
                        false
                    ]
                }, 
                {
                    "action_type": "TRANS_UNIT", 
                    "args_list": [
                        {
                            "arg_type": 100006, 
                            "args_list": [], 
                            "sub_type": "ABILITY_OWNER"
                        }, 
                        {
                            "arg_type": 100004, 
                            "args_list": [
                                {
                                    "arg_type": 100014, 
                                    "args_list": [], 
                                    "sub_type": "CUR_ABILITY"
                                }
                            ], 
                            "sub_type": "ABILITY_RELEASE_POSITION"
                        }
                    ], 
                    "bp": false, 
                    "element_id": 809566210000007, 
                    "enable": true
                }, 
                {
                    "action_type": "CREATE_SFX_ON_POINT", 
                    "args_list": [
                        {
                            "arg_type": 100066, 
                            "args_list": [
                                103719
                            ], 
                            "sub_type": 1
                        }, 
                        {
                            "arg_type": 100004, 
                            "args_list": [
                                {
                                    "arg_type": 100006, 
                                    "args_list": [], 
                                    "sub_type": "ABILITY_OWNER"
                                }
                            ], 
                            "sub_type": "UNIT_ENTITY_POINT"
                        }
                    ], 
                    "bp": false, 
                    "element_id": 809566210000013, 
                    "enable": true, 
                    "op_arg": [
                        null, 
                        {
                            "arg_type": 100000, 
                            "args_list": [
                                1.0
                            ], 
                            "sub_type": 1
                        }, 
                        null, 
                        null, 
                        null
                    ], 
                    "op_arg_enable": [
                        false, 
                        true, 
                        false, 
                        false, 
                        false
                    ]
                }
            ], 
            "call_enabled": true, 
            "condition": [], 
            "enabled": true, 
            "event": [
                {
                    "args_list": [], 
                    "element_id": 703598593000001, 
                    "enable": true, 
                    "event_type": "ABILITY_PS_END"
                }
            ], 
            "group_id": 201388728, 
            "p_trigger_id": null, 
            "trigger_id": 703598593, 
            "trigger_name": "Ability End", 
            "valid": true
        }
    }, 
    "trigger_group_info": [
        {
            "_trigger_group_": true, 
            "group": [
                [
                    686837762, 
                    "Prepare"
                ], 
                [
                    703598593, 
                    "Ability End"
                ]
            ], 
            "key": 201388728, 
            "name": "201388728"
        }
    ], 
    "trigger_version": "1.2", 
    "variable_dict": {
        "SFX_ENTITY": {
            "\u7279\u65481": 0
        }
    }, 
    "variable_group_info": [
        [
            "\u7279\u65481", 
            "\u7279\u65481"
        ]
    ], 
    "variable_length_dict": {
        "\u7279\u65481": 0
    }, 
    "variable_type_dict": {
        "\u7279\u65481": false
    }
}