{
    "conf": {
        "1005545403": [], 
        "1015892997": [
            [
                "\u5355\u4f4d", 
                100006
            ], 
            [
                "\u6280\u80fd", 
                100014
            ], 
            [
                "\u7b49\u7ea7", 
                100002
            ]
        ], 
        "1023117113": [
            [
                "\u73a9\u5bb6", 
                100025
            ], 
            [
                "\u5546\u5e97\u5355\u4f4d", 
                100006
            ], 
            [
                "\u5151\u6362\u7c7b\u578b", 
                100032
            ]
        ], 
        "1024607586": [
            [
                "\u73a9\u5bb6", 
                100025
            ]
        ], 
        "1031172786": [
            [
                "id", 
                100002
            ], 
            [
                "wj", 
                100025
            ]
        ], 
        "1032052281": [], 
        "1033141052": [], 
        "1033783457": [], 
        "1035317766": [
            [
                "\u73a9\u5bb6\u7f16\u53f7", 
                100002
            ]
        ], 
        "1047011055": [
            [
                "\u73a9\u5bb6", 
                100025
            ], 
            [
                "\u5546\u5e97\u5355\u4f4d", 
                100006
            ], 
            [
                "\u7269\u54c1\u7c7b\u578b", 
                100032
            ]
        ], 
        "1050814149": [
            [
                "\u73a9\u5bb6", 
                100025
            ]
        ], 
        "1054818128": [
            [
                "\u4efb\u52a1\u7f16\u53f7", 
                100002
            ], 
            [
                "\u73a9\u5bb6", 
                100025
            ]
        ], 
        "1055047782": [
            [
                "\u73a9\u5bb6", 
                100025
            ], 
            [
                "\u952e\u4f4d", 
                100002
            ]
        ], 
        "1055822300": [
            [
                "\u5f00\u5c40\u65f6\u95f4", 
                100000
            ], 
            [
                "\u76ee\u6807\u73a9\u5bb6", 
                100025
            ]
        ], 
        "1074768820": [
            [
                "\u73a9\u5bb6", 
                100025
            ]
        ], 
        "1075774879": [
            [
                "\u89e3\u9501\u73a9\u5bb6", 
                100025
            ]
        ], 
        "1078459472": [
            [
                "\u73a9\u5bb61\u91d1\u5e01", 
                100002
            ], 
            [
                "\u73a9\u5bb62\u91d1\u5e01", 
                100002
            ], 
            [
                "\u73a9\u5bb63\u91d1\u5e01", 
                100002
            ], 
            [
                "\u73a9\u5bb64\u91d1\u5e01", 
                100002
            ]
        ], 
        "1083420741": [
            [
                "\u73a9\u5bb6", 
                100025
            ]
        ], 
        "1084697306": [], 
        "1086913696": [
            [
                "\u70b9\u51fb\u73a9\u5bb6", 
                100025
            ]
        ], 
        "1088937960": [], 
        "1089462881": [], 
        "1106226435": [], 
        "1109862358": [], 
        "1111659573": [
            [
                "\u82f1\u96c4", 
                100006
            ]
        ], 
        "1116821120": [
            [
                "\u5355\u4f4d", 
                100006
            ]
        ], 
        "1118225421": [
            [
                "\u62bd\u53d6\u7269\u54c1\u6570", 
                100000
            ], 
            [
                "\u4f7f\u7528\u73a9\u5bb6", 
                100025
            ]
        ], 
        "1121206022": [
            [
                "\u73a9\u5bb6", 
                100025
            ]
        ], 
        "1124471616": [
            [
                "\u73a9\u5bb6", 
                100025
            ]
        ], 
        "1125568304": [
            [
                "\u4e2a\u6570", 
                100002
            ]
        ], 
        "1138032817": [
            [
                "\u76ee\u6807\u5355\u4f4d", 
                100006
            ]
        ], 
        "1138111065": [
            [
                "\u5173\u5361\u5e8f\u53f7", 
                100002
            ], 
            [
                "\u5173\u5361\u96be\u5ea6", 
                100002
            ], 
            [
                "\u5173\u5361\u5237\u602a\u65b9\u5f0f", 
                100003
            ], 
            [
                "\u5237\u602a\u533a\u57df", 
                100009
            ]
        ], 
        "1139707320": [], 
        "1155754330": [], 
        "1162962870": [
            [
                "solt", 
                100002
            ], 
            [
                "u", 
                100006
            ]
        ], 
        "1163554335": [
            [
                "\u73a9\u5bb6", 
                100025
            ], 
            [
                "\u5546\u5e97\u5355\u4f4d", 
                100006
            ]
        ], 
        "1164369451": [
            [
                "\u6280\u80fd", 
                100003
            ], 
            [
                "ID", 
                100002
            ]
        ], 
        "1167411847": [
            [
                "\u89e3\u9501\u73a9\u5bb6", 
                100025
            ]
        ], 
        "1180172570": [
            [
                "\u5956\u52b1\u9879\u76ee\u7f16\u53f7", 
                100002
            ], 
            [
                "\u73a9\u5bb6", 
                100025
            ], 
            [
                "\u7ea7\u522b", 
                100002
            ]
        ], 
        "1181058609": [
            [
                "\u5173\u5361\u5e8f\u53f7", 
                100002
            ]
        ], 
        "1187461728": [
            [
                "\u539f\u6765\u70b9", 
                100004
            ]
        ], 
        "1190220034": [
            [
                "ID", 
                100002
            ]
        ], 
        "1199485005": [
            [
                "\u6e38\u620f\u6a21\u5f0f0\u548c1", 
                100002
            ]
        ], 
        "1201081524": [
            [
                "solt", 
                100002
            ], 
            [
                "u", 
                100006
            ], 
            [
                "bool", 
                100001
            ]
        ], 
        "1201294911": [
            [
                "\u83b7\u5f97\u6b66\u5668\u7684\u5355\u4f4d", 
                100006
            ], 
            [
                "\u6b66\u5668\u7c7b\u578b\uff08\u9b54\u6cd5\u6548\u679c\uff09", 
                100046
            ], 
            [
                "\u6b66\u5668\u7b49\u7ea7", 
                100002
            ], 
            [
                "CD\uff08\u5faa\u73af\u5468\u671f\uff09", 
                100000
            ]
        ], 
        "1202958633": [
            [
                "\u65f6\u95f4", 
                100002
            ]
        ], 
        "1209055487": [], 
        "1209960193": [], 
        "1210389926": [], 
        "1211859983": [
            [
                "\u73a9\u5bb6", 
                100025
            ]
        ], 
        "1213423076": [
            [
                "\u73a9\u5bb61\u91d1\u5e01", 
                100002
            ], 
            [
                "\u73a9\u5bb62\u91d1\u5e01", 
                100002
            ], 
            [
                "\u73a9\u5bb63\u91d1\u5e01", 
                100002
            ], 
            [
                "\u73a9\u5bb64\u91d1\u5e01", 
                100002
            ]
        ], 
        "1214602178": [
            [
                "\u73a9\u5bb6", 
                100025
            ]
        ], 
        "1218365386": [], 
        "1228413746": [
            [
                "\u5173\u5361\u5e8f\u53f7", 
                100002
            ]
        ], 
        "1229006107": [
            [
                "\u73a9\u5bb6", 
                100025
            ]
        ], 
        "1230541927": [], 
        "1231206808": [
            [
                "player", 
                100025
            ], 
            [
                "unit", 
                100006
            ]
        ], 
        "1234306890": [
            [
                "\u592a\u76d1\u8bf4\u8bdd\u7684\u73a9\u5bb6", 
                100025
            ]
        ], 
        "1238702329": [
            [
                "\u89e3\u9501\u73a9\u5bb6", 
                100025
            ]
        ], 
        "1242974928": [
            [
                "\u5355\u4f4d", 
                100006
            ], 
            [
                "\u6280\u80fd", 
                100014
            ], 
            [
                "\u7b49\u7ea7", 
                100002
            ]
        ], 
        "1244061309": [
            [
                "\u653b\u51fb\u5355\u4f4d", 
                100006
            ], 
            [
                "\u653b\u51fb\u76ee\u6807", 
                100006
            ]
        ], 
        "1245624737": [], 
        "1246962180": [], 
        "1248021444": [
            [
                "\u5355\u4f4d", 
                100006
            ], 
            [
                "\u5e45\u5ea6", 
                100000
            ], 
            [
                "\u6765\u6e90", 
                100076
            ]
        ], 
        "1251261267": [
            [
                "\u5355\u4f4d", 
                100006
            ], 
            [
                "\u6280\u80fd", 
                100014
            ], 
            [
                "\u69fd\u4f4did", 
                100002
            ]
        ], 
        "1251357896": [
            [
                "\u70b9\u51fb\u73a9\u5bb6", 
                100025
            ]
        ], 
        "1254901938": [], 
        "1260781454": [], 
        "1267325308": [
            [
                "\u73a9\u5bb6", 
                100025
            ]
        ], 
        "1267818135": [
            [
                "Key", 
                100003
            ]
        ], 
        "1268295257": [
            [
                "\u73a9\u5bb6", 
                100025
            ]
        ], 
        "1276391944": [
            [
                "\u6012\u6c14\u503c", 
                100002
            ], 
            [
                "\u5355\u4f4d", 
                100006
            ]
        ], 
        "1279247358": [], 
        "1279772105": [], 
        "1289172005": [], 
        "1293481897": [], 
        "1294530751": [], 
        "1297155766": [], 
        "1304500358": [], 
        "1307388488": [
            [
                "ID", 
                100002
            ]
        ], 
        "1309976702": [], 
        "1316825334": [
            [
                "\u70b9\u51fb\u73a9\u5bb6", 
                100025
            ]
        ], 
        "1317271801": [
            [
                "\u73a9\u5bb6", 
                100025
            ]
        ], 
        "1320736457": [
            [
                "\u73a9\u5bb6", 
                100025
            ], 
            [
                "\u7c7b\u578b", 
                100003
            ]
        ], 
        "1322177761": [], 
        "1328024877": [
            [
                "\u73a9\u5bb61\u91d1\u5e01", 
                100002
            ], 
            [
                "\u73a9\u5bb62\u91d1\u5e01", 
                100002
            ], 
            [
                "\u73a9\u5bb63\u91d1\u5e01", 
                100002
            ], 
            [
                "\u73a9\u5bb64\u91d1\u5e01", 
                100002
            ]
        ], 
        "1336084167": [
            [
                "\u5956\u52b1\u9879\u76ee\u7f16\u53f7", 
                100002
            ], 
            [
                "\u73a9\u5bb6", 
                100025
            ], 
            [
                "\u7ea7\u522b", 
                100002
            ]
        ], 
        "1339322885": [
            [
                "ID", 
                100002
            ], 
            [
                "\u6280\u80fd\u540d\u79f0", 
                100003
            ], 
            [
                "\u5f15\u5bfc\u6761\u65f6\u957f", 
                100000
            ]
        ], 
        "1344495919": [
            [
                "\u5355\u4f4d", 
                100006
            ]
        ], 
        "1345655689": [], 
        "1348706260": [], 
        "1353010476": [
            [
                "\u9009\u62e9\u7684\u69fd\u4f4d", 
                100002
            ], 
            [
                "\u73a9\u5bb6", 
                100025
            ]
        ], 
        "1355873084": [
            [
                "Attack", 
                100025
            ], 
            [
                "Hit", 
                100025
            ]
        ], 
        "1365199945": [], 
        "1365320429": [
            [
                "u", 
                100006
            ]
        ], 
        "1366654766": [
            [
                "\u73a9\u5bb6id", 
                100002
            ]
        ], 
        "1368250592": [], 
        "1368592051": [], 
        "1380385116": [], 
        "1381982657": [], 
        "1390445471": [
            [
                "\u73a9\u5bb6", 
                100025
            ], 
            [
                "\u804c\u4e1a", 
                100002
            ]
        ], 
        "1392171542": [], 
        "1398409873": [], 
        "1403210736": [], 
        "1406403930": [], 
        "1412576670": [
            [
                "\u53d1\u9001\u73a9\u5bb6", 
                100025
            ], 
            [
                "\u63a5\u6536\u73a9\u5bb6", 
                100025
            ]
        ], 
        "1419706616": [
            [
                "\u7269\u54c1", 
                100032
            ], 
            [
                "\u82f1\u96c4", 
                100006
            ]
        ], 
        "1423989012": [
            [
                "\u73a9\u5bb6", 
                100025
            ]
        ], 
        "1425239773": [
            [
                "\u73a9\u5bb6", 
                100025
            ]
        ], 
        "1433400019": [
            [
                "\u4f7f\u7528\u6280\u80fd\u7684\u5355\u4f4d", 
                100006
            ], 
            [
                "\u5f71\u54cd\u8303\u56f4", 
                100000
            ]
        ], 
        "1447067676": [], 
        "1449065605": [
            [
                "\u5355\u4f4d", 
                100006
            ]
        ], 
        "1455968553": [], 
        "1458607696": [
            [
                "\u901a\u5173\u7684\u6ce2\u6b21", 
                100002
            ]
        ], 
        "1460047785": [
            [
                "\u73a9\u5bb6", 
                100025
            ], 
            [
                "\u9501\u5996\u7c7b\u578b", 
                100032
            ]
        ], 
        "1462305856": [
            [
                "\u5173\u5361\u5e8f\u53f7", 
                100002
            ], 
            [
                "\u5173\u5361\u96be\u5ea6", 
                100002
            ], 
            [
                "\u5173\u5361\u5237\u602a\u65b9\u5f0f", 
                100003
            ], 
            [
                "\u5237\u602a\u533a\u57df", 
                100009
            ]
        ], 
        "1464311277": [
            [
                "\u73a9\u5bb6", 
                100025
            ], 
            [
                "\u80cc\u5305id", 
                100002
            ]
        ], 
        "1465979270": [
            [
                "\u8001\u5929\u6c14", 
                100003
            ], 
            [
                "\u65b0\u5929\u6c14", 
                100003
            ]
        ], 
        "1469460300": [
            [
                "\u73a9\u5bb6", 
                100025
            ], 
            [
                "\u5546\u5e97", 
                100006
            ], 
            [
                "\u5546\u5e97\u9875\u9762\u53c2\u6570", 
                100002
            ]
        ], 
        "1484258534": [
            [
                "\u73a9\u5bb6", 
                100025
            ]
        ], 
        "1484885222": [
            [
                "\u65f6\u95f4", 
                100002
            ]
        ], 
        "1487688097": [
            [
                "\u63d0\u793a\u6587\u672c", 
                100003
            ]
        ], 
        "1489176906": [
            [
                "\u5355\u4f4d", 
                100006
            ], 
            [
                "\u5e45\u5ea6", 
                100000
            ], 
            [
                "\u6765\u6e90", 
                100076
            ]
        ], 
        "1490007700": [
            [
                "\u52a9\u653b\u5355\u4f4d", 
                100006
            ]
        ], 
        "1492710257": [
            [
                "\u89e3\u9501\u73a9\u5bb6", 
                100025
            ]
        ], 
        "1497905639": [], 
        "1505151652": [
            [
                "Place", 
                100004
            ], 
            [
                "Velocity", 
                100000
            ]
        ], 
        "1506222885": [
            [
                "\u5355\u4f4d", 
                100006
            ]
        ], 
        "1509896468": [], 
        "1525707106": [], 
        "1535647546": [
            [
                "\u51f6\u624b\u5355\u4f4d", 
                100006
            ], 
            [
                "\u6b7b\u4ea1\u5355\u4f4d", 
                100006
            ]
        ], 
        "1542560690": [
            [
                "\u73a9\u5bb6", 
                100025
            ], 
            [
                "\u5355\u4f4d", 
                100006
            ]
        ], 
        "1544187572": [
            [
                "\u7b49\u7ea7", 
                100002
            ], 
            [
                "\u73a9\u5bb6", 
                100025
            ]
        ], 
        "1546257813": [], 
        "1550252166": [
            [
                "\u73a9\u5bb6", 
                100025
            ]
        ], 
        "1550418778": [
            [
                "\u73a9\u5bb6", 
                100025
            ], 
            [
                "\u5546\u5e97\u5355\u4f4d", 
                100006
            ], 
            [
                "\u8d2d\u4e70\u7684\u7269\u54c1", 
                100032
            ]
        ], 
        "1573113218": [
            [
                "\u5bf9\u8bdd\u5355\u4f4d\u7c7b\u578b", 
                100116
            ]
        ], 
        "1578199674": [], 
        "1583578387": [
            [
                "\u73a9\u5bb6", 
                100025
            ], 
            [
                "\u6587\u672c", 
                100003
            ]
        ], 
        "1586758085": [
            [
                "\u5355\u4f4d", 
                100006
            ]
        ], 
        "1594223427": [
            [
                "\u5956\u52b1\u9879\u76ee\u7f16\u53f7", 
                100002
            ], 
            [
                "\u73a9\u5bb6", 
                100025
            ], 
            [
                "\u7ea7\u522b", 
                100002
            ]
        ], 
        "1594670299": [
            [
                "\u73a9\u5bb6", 
                100025
            ]
        ], 
        "1596897017": [], 
        "1608972760": [
            [
                "\u5b9d\u77f3\u7c7b\u578b", 
                100003
            ], 
            [
                "\u8d2d\u4e70\u7269\u54c1", 
                100031
            ]
        ], 
        "1622278926": [], 
        "1625315861": [], 
        "1636195934": [], 
        "1638566109": [], 
        "1639475983": [], 
        "1643655437": [], 
        "1650053539": [
            [
                "\u7b54\u6848", 
                100003
            ], 
            [
                "\u7b54\u6848\u5b57\u6570", 
                100002
            ], 
            [
                "\u70b9\u51fb\u73a9\u5bb6", 
                100025
            ], 
            [
                "\u6807\u9898\u6ce8\u91ca", 
                100003
            ], 
            [
                "\u8be6\u7ec6\u6ce8\u91ca", 
                100003
            ]
        ], 
        "1652757622": [
            [
                "\u51f6\u624b\u5355\u4f4d", 
                100006
            ], 
            [
                "\u6b7b\u4ea1\u5355\u4f4d", 
                100006
            ]
        ], 
        "1654818666": [
            [
                "\u51cc\u6ce2\u5355\u4f4d", 
                100006
            ]
        ], 
        "1663892034": [
            [
                "\u89e3\u9501\u73a9\u5bb6", 
                100025
            ]
        ], 
        "1666328293": [
            [
                "\u64ad\u653e\u73a9\u5bb6", 
                100025
            ], 
            [
                "\u64ad\u653e\u66f2\u76ee", 
                100002
            ]
        ], 
        "1670374571": [
            [
                "\u89e3\u9501\u73a9\u5bb6", 
                100025
            ]
        ], 
        "1676402445": [
            [
                "\u65b0\u624b\u63d0\u793a", 
                100002
            ], 
            [
                "\u73a9\u5bb6", 
                100025
            ]
        ], 
        "1683572139": [], 
        "1693010953": [
            [
                "ai\u73a9\u5bb6 ", 
                100025
            ], 
            [
                "\u9009\u62e9\u5355\u4f4d", 
                100006
            ]
        ], 
        "1697676320": [
            [
                "\u73a9\u5bb6", 
                100025
            ], 
            [
                "\u5355\u4f4d", 
                100006
            ]
        ], 
        "1702037789": [], 
        "1704331821": [
            [
                "\u7ea7\u522b", 
                100002
            ], 
            [
                "\u73a9\u5bb6", 
                100025
            ]
        ], 
        "1718510517": [
            [
                "\u5355\u4f4d\u7ec4", 
                100026
            ], 
            [
                "\u4f24\u5bb3\u7c7b\u578b", 
                100064
            ], 
            [
                "\u4f24\u5bb3\u6765\u6e90", 
                100006
            ], 
            [
                "\u5173\u8054", 
                100014
            ], 
            [
                "\u4f24\u5bb3\u503c", 
                100000
            ]
        ], 
        "1723566367": [
            [
                "\u65b0\u624b\u63d0\u793a", 
                100002
            ], 
            [
                "\u73a9\u5bb6", 
                100025
            ]
        ], 
        "1729279869": [], 
        "1736098088": [], 
        "1738259373": [
            [
                "solt", 
                100002
            ], 
            [
                "u", 
                100006
            ], 
            [
                "bool", 
                100001
            ]
        ], 
        "1739996071": [
            [
                "Attack", 
                100025
            ], 
            [
                "Hit", 
                100025
            ]
        ], 
        "1740156095": [
            [
                "\u65b9\u5757\u4f4d\u7f6e", 
                100002
            ]
        ], 
        "1743093807": [
            [
                "\u964d\u7ea7\u88c5\u5907", 
                100031
            ]
        ], 
        "1743423995": [], 
        "1744082954": [
            [
                "\u73a9\u5bb6", 
                100025
            ], 
            [
                "\u4efb\u52a1id", 
                100002
            ]
        ], 
        "1745695608": [
            [
                "\u73a9\u5bb6", 
                100025
            ]
        ], 
        "1761886255": [
            [
                "\u5173\u5361\u6570", 
                100002
            ]
        ], 
        "1762985119": [
            [
                "\u4fe1\u606f", 
                100003
            ], 
            [
                "\u53d1\u9001\u73a9\u5bb6", 
                100025
            ], 
            [
                "\u63a5\u6536\u73a9\u5bb6", 
                100025
            ]
        ], 
        "1768771027": [
            [
                "\u65b9\u5757\u4f4d\u7f6e", 
                100002
            ], 
            [
                "\u5f53\u524d\u9ad8\u5ea6", 
                100000
            ]
        ], 
        "1775864909": [
            [
                "\u73a9\u5bb6", 
                100025
            ], 
            [
                "\u804c\u4e1a", 
                100002
            ]
        ], 
        "1788803594": [], 
        "1795246555": [
            [
                "\u82f1\u96c4\u7f16\u53f7", 
                100002
            ], 
            [
                "\u73a9\u5bb6", 
                100025
            ]
        ], 
        "1802843325": [
            [
                "\u89e6\u53d1\u73a9\u5bb6", 
                100025
            ], 
            [
                "\u6280\u80fd\u7f16\u53f7", 
                100002
            ]
        ], 
        "1810134268": [
            [
                "\u89e3\u9501\u73a9\u5bb6", 
                100025
            ]
        ], 
        "1810675522": [], 
        "1810898574": [
            [
                "\u73a9\u5bb6", 
                100025
            ]
        ], 
        "1817354501": [
            [
                "\u73a9\u5bb6", 
                100025
            ], 
            [
                "\u96be\u5ea6", 
                100002
            ]
        ], 
        "1844767567": [
            [
                "\u73a9\u5bb6", 
                100025
            ], 
            [
                "\u5b9d\u7bb1", 
                100006
            ]
        ], 
        "1850271964": [
            [
                "\u8bf4\u8bdd\u5bf9\u8c61", 
                100025
            ], 
            [
                "\u79c1\u804a\u5bf9\u8c61", 
                100025
            ]
        ], 
        "1862258871": [
            [
                "\u73a9\u5bb6", 
                100025
            ], 
            [
                "\u754c\u9762", 
                100070
            ]
        ], 
        "1867704620": [
            [
                "\u73a9\u5bb6", 
                100025
            ]
        ], 
        "1869674685": [
            [
                "\u73a9\u5bb6", 
                100025
            ], 
            [
                "\u82f1\u96c4 ", 
                100006
            ]
        ], 
        "1876014461": [
            [
                "\u70b9\u51fb\u73a9\u5bb6", 
                100025
            ]
        ], 
        "1878423284": [
            [
                "\u9875\u6570", 
                100002
            ], 
            [
                "\u7f16\u53f7", 
                100002
            ], 
            [
                "\u73a9\u5bb6", 
                100025
            ], 
            [
                "\u5546\u5e97", 
                100006
            ]
        ], 
        "1878592994": [
            [
                "\u70b9\u51fb\u73a9\u5bb6", 
                100025
            ]
        ], 
        "1882854738": [
            [
                "\u9ed8\u8ba4\u53c2\u6570\u540d\u79f0", 
                100003
            ]
        ], 
        "1883665019": [
            [
                "\u53d1\u9001\u73a9\u5bb6", 
                100025
            ], 
            [
                "\u6587\u672c", 
                100003
            ], 
            [
                "\u63a5\u6536\u73a9\u5bb6", 
                100025
            ]
        ], 
        "1886670066": [
            [
                "\u96be\u5ea6", 
                100002
            ]
        ], 
        "1889472213": [
            [
                "Attack", 
                100025
            ], 
            [
                "Hit", 
                100025
            ]
        ], 
        "1902200099": [
            [
                "\u4efb\u52a1\u5e8f\u53f7", 
                100002
            ], 
            [
                "\u73a9\u5bb6", 
                100025
            ]
        ], 
        "1906672027": [], 
        "1908085608": [
            [
                "\u79fb\u5165\u4f4d\u7f6e", 
                100002
            ], 
            [
                "\u73a9\u5bb6", 
                100025
            ]
        ], 
        "1913309744": [], 
        "1915475230": [
            [
                "\u5355\u4f4d", 
                100006
            ], 
            [
                "\u76ee\u6807", 
                100006
            ], 
            [
                "\u5206\u88c2\u7cfb\u6570", 
                100000
            ]
        ], 
        "1919642339": [], 
        "1921200996": [
            [
                "\u53d1\u9001\u4eba", 
                100025
            ], 
            [
                "\u63a5\u6536\u4eba", 
                100025
            ]
        ], 
        "1922789739": [
            [
                "\u89e3\u9501\u73a9\u5bb6", 
                100025
            ]
        ], 
        "1923988936": [
            [
                "\u5355\u4f4d\u7ec4", 
                100026
            ], 
            [
                "\u62a4\u7532\u7c7b\u578b", 
                100003
            ]
        ], 
        "1928512079": [], 
        "1933004435": [
            [
                "\u89e3\u9501\u73a9\u5bb6", 
                100025
            ]
        ], 
        "1935372764": [
            [
                "\u9009\u82f1\u96c4\u7684\u73a9\u5bb6", 
                100025
            ], 
            [
                "\u73a9\u5bb6\u9009\u7684\u82f1\u96c4", 
                100116
            ]
        ], 
        "1944033858": [], 
        "1946661767": [
            [
                "\u5347\u7ea7\u7269\u54c1", 
                100031
            ]
        ], 
        "1951097771": [
            [
                "ID", 
                100002
            ], 
            [
                "\u589e\u91cf", 
                100000
            ]
        ], 
        "1951937001": [
            [
                "\u73a9\u5bb6", 
                100025
            ], 
            [
                "\u7ea7\u522b", 
                100002
            ]
        ], 
        "1968085261": [], 
        "1983125699": [], 
        "1989238943": [
            [
                "\u73a9\u5bb6", 
                100025
            ], 
            [
                "\u5355\u4f4d", 
                100006
            ]
        ], 
        "1989781896": [
            [
                "\u65f6\u95f4", 
                100002
            ]
        ], 
        "1993744128": [
            [
                "\u76ee\u6807", 
                100006
            ], 
            [
                "\u672c\u4f53", 
                100006
            ], 
            [
                "\u7b49\u7ea7", 
                100002
            ]
        ], 
        "1996519856": [
            [
                "\u9635\u8425", 
                100020
            ]
        ], 
        "2000384057": [
            [
                "\u53d1\u9001\u4eba", 
                100025
            ], 
            [
                "\u63a5\u6536\u4eba", 
                100025
            ], 
            [
                "\u53d1\u9001\u5185\u5bb9", 
                100003
            ]
        ], 
        "2002580222": [
            [
                "\u65b9\u5757\u4f4d\u7f6e", 
                100002
            ], 
            [
                "\u5f53\u524d\u9ad8\u5ea6", 
                100000
            ]
        ], 
        "2026929156": [], 
        "2029538510": [
            [
                "\u4e2a\u6570", 
                100002
            ]
        ], 
        "2047090516": [
            [
                "\u52a9\u653b\u5355\u4f4d", 
                100006
            ]
        ], 
        "2047758241": [
            [
                "\u89e3\u9501\u73a9\u5bb6", 
                100025
            ]
        ], 
        "2050537412": [], 
        "2054159528": [
            [
                "\u73a9\u5bb6", 
                100025
            ], 
            [
                "\u6587\u672c", 
                100003
            ]
        ], 
        "2058357982": [
            [
                "\u7ea7\u522b", 
                100002
            ], 
            [
                "\u6b21\u6570", 
                100002
            ], 
            [
                "\u73a9\u5bb6", 
                100025
            ]
        ], 
        "2063627483": [], 
        "2068630739": [], 
        "2071301101": [
            [
                "\u89e3\u9501\u73a9\u5bb6", 
                100025
            ]
        ], 
        "2071381801": [], 
        "2076385039": [
            [
                "\u73a9\u5bb6", 
                100025
            ]
        ], 
        "2076928675": [], 
        "2077564292": [
            [
                "\u73a9\u5bb6\u53c2\u6570", 
                100025
            ]
        ], 
        "2081224239": [
            [
                "\u70b9\u51fb\u4f4d\u7f6e", 
                100002
            ], 
            [
                "\u70b9\u51fb\u73a9\u5bb6", 
                100025
            ]
        ], 
        "2081503103": [
            [
                "\u73a9\u5bb6", 
                100025
            ]
        ], 
        "2081670737": [], 
        "2083180842": [], 
        "2094839821": [
            [
                "\u6280\u80fd", 
                100014
            ]
        ], 
        "2096039399": [
            [
                "\u73a9\u5bb6", 
                100025
            ], 
            [
                "\u5546\u5e97", 
                100006
            ], 
            [
                "\u7269\u54c1\u7c7b\u578b", 
                100032
            ]
        ], 
        "2096995840": [
            [
                "\u65b9\u5757\u4f4d\u7f6e", 
                100002
            ]
        ], 
        "2102257585": [
            [
                "\u5b57\u7b26\u5355\u4f4d", 
                100006
            ], 
            [
                "\u521d\u59cb\u5faa\u73af", 
                100002
            ]
        ], 
        "2103850683": [
            [
                "\u89e3\u9501\u73a9\u5bb6", 
                100025
            ]
        ], 
        "2106101996": [
            [
                "\u5355\u4f4d", 
                100006
            ], 
            [
                "\u76ee\u6807", 
                100006
            ]
        ], 
        "2107530737": [], 
        "2114425352": [
            [
                "\u73a9\u5bb6", 
                100025
            ], 
            [
                "\u96be\u5ea6", 
                100002
            ]
        ], 
        "2115052316": [
            [
                "\u5b9d\u77f3\u7c7b\u578b", 
                100003
            ]
        ], 
        "2118355307": [], 
        "2132070275": [
            [
                "\u89e3\u9501\u73a9\u5bb6", 
                100025
            ]
        ], 
        "2137184082": [], 
        "2138458209": [], 
        "2141652356": [], 
        "2141877308": [], 
        "2143427209": [
            [
                "\u73a9\u5bb6", 
                100025
            ], 
            [
                "\u5e8f\u53f7", 
                100002
            ]
        ], 
        "2143473939": [
            [
                "\u4f7f\u7528\u6280\u80fd\u7684\u5355\u4f4d", 
                100006
            ], 
            [
                "\u8ddd\u79bb", 
                100000
            ]
        ]
    }, 
    "group_info": []
}