{
    "local_variable": {
        "26624073": {
            "variable_dict": {
                "TABLE": {
                    "Select_item": null, 
                    "Shop_Settings": null
                }, 
                "UNIT_ENTITY": {
                    "unit": 0
                }
            }, 
            "variable_length_dict": {
                "Select_item": 0, 
                "Shop_Settings": 0, 
                "unit": 0
            }, 
            "variable_type_dict": {
                "Select_item": false, 
                "Shop_Settings": false, 
                "unit": false
            }
        }, 
        "99549217": {
            "variable_dict": {
                "PLAYER": {
                    "\u73a9\u5bb6": 0
                }
            }, 
            "variable_length_dict": {
                "\u73a9\u5bb6": 0
            }, 
            "variable_type_dict": {
                "\u73a9\u5bb6": false
            }
        }, 
        "120717378": {
            "variable_dict": {
                "ABILITY": {
                    "skill": null
                }
            }, 
            "variable_length_dict": {
                "skill": 0
            }, 
            "variable_type_dict": {
                "skill": false
            }
        }, 
        "247672871": {
            "variable_dict": {
                "FLOAT": {}, 
                "INTEGER": {
                    "x_pos": 0, 
                    "y_pos": 0
                }, 
                "NEW_TIMER": {}
            }, 
            "variable_length_dict": {
                "x_pos": 0, 
                "y_pos": 0
            }, 
            "variable_type_dict": {
                "x_pos": false, 
                "y_pos": false
            }
        }, 
        "254148634": {
            "variable_dict": {
                "INTEGER": {
                    "i": 0, 
                    "j": 0, 
                    "n": 0
                }, 
                "PLAYER": {
                    "\u9a6c\u7532\u73a9\u5bb6": 0
                }, 
                "TABLE": {
                    "lv_panel": null, 
                    "\u4e34\u65f6\u8868": null
                }, 
                "UI_COMP": {
                    "comp": ""
                }
            }, 
            "variable_length_dict": {
                "comp": 0, 
                "i": 0, 
                "j": 0, 
                "lv_panel": 0, 
                "n": 0, 
                "\u4e34\u65f6\u8868": 0, 
                "\u9a6c\u7532\u73a9\u5bb6": 0
            }, 
            "variable_type_dict": {
                "comp": false, 
                "i": false, 
                "j": false, 
                "lv_panel": false, 
                "n": false, 
                "\u4e34\u65f6\u8868": false, 
                "\u9a6c\u7532\u73a9\u5bb6": false
            }
        }, 
        "280129562": {
            "variable_dict": {
                "BOOLEAN": {
                    "bool": false
                }, 
                "ITEM_NAME": {
                    "\u9009\u4e2d\u5546\u54c1": 0, 
                    "\u9009\u4e2d\u7269\u54c1\u680f": 0
                }, 
                "NEW_TIMER": {}, 
                "PLAYER": {
                    "\u73a9\u5bb6": 0
                }, 
                "TABLE": {
                    "Shop_settings": null
                }, 
                "UNIT_ENTITY": {
                    "\u9009\u4e2d\u5355\u4f4d": 0, 
                    "\u9009\u4e2d\u5546\u5e97": 0
                }
            }, 
            "variable_length_dict": {
                "Shop_settings": 0, 
                "bool": 0, 
                "\u73a9\u5bb6": 0, 
                "\u9009\u4e2d\u5355\u4f4d": 0, 
                "\u9009\u4e2d\u5546\u54c1": 0, 
                "\u9009\u4e2d\u5546\u5e97": 0, 
                "\u9009\u4e2d\u7269\u54c1\u680f": 0
            }, 
            "variable_type_dict": {
                "Shop_settings": false, 
                "bool": false, 
                "\u73a9\u5bb6": false, 
                "\u9009\u4e2d\u5355\u4f4d": false, 
                "\u9009\u4e2d\u5546\u54c1": false, 
                "\u9009\u4e2d\u5546\u5e97": false, 
                "\u9009\u4e2d\u7269\u54c1\u680f": false
            }
        }, 
        "311238667": {
            "variable_dict": {
                "INTEGER": {
                    "n": 0
                }, 
                "PLAYER": {
                    "\u73a9\u5bb6": 0
                }, 
                "TABLE": {}
            }, 
            "variable_length_dict": {
                "n": 0, 
                "\u73a9\u5bb6": 0
            }, 
            "variable_type_dict": {
                "n": false, 
                "\u73a9\u5bb6": false
            }
        }, 
        "444342298": {
            "variable_dict": {
                "DYNAMIC_TRIGGER_INSTANCE": {}, 
                "NEW_TIMER": {}, 
                "PLAYER": {
                    "\u73a9\u5bb6": 0
                }, 
                "TABLE": {
                    "Shop_Settings": null
                }
            }, 
            "variable_length_dict": {
                "Shop_Settings": 0, 
                "\u73a9\u5bb6": 0
            }, 
            "variable_type_dict": {
                "Shop_Settings": false, 
                "\u73a9\u5bb6": false
            }
        }, 
        "446099500": {
            "variable_dict": {
                "ABILITY": {
                    "Skill": null
                }, 
                "BOOLEAN": {
                    "bool": false, 
                    "\u7269\u54c1\u4f4d\u7f6e": false
                }, 
                "INTEGER": {
                    "ID": 0
                }, 
                "ITEM_ENTITY": {
                    "item": 0
                }, 
                "NEW_TIMER": {}, 
                "PLAYER": {
                    "\u73a9\u5bb6": 0
                }, 
                "UI_COMP": {
                    "detail": "", 
                    "title": ""
                }, 
                "UNIT_ENTITY": {
                    "\u9009\u4e2d\u5355\u4f4d": 0
                }
            }, 
            "variable_length_dict": {
                "ID": 0, 
                "Skill": 0, 
                "bool": 0, 
                "detail": 0, 
                "item": 0, 
                "title": 0, 
                "\u7269\u54c1\u4f4d\u7f6e": 0, 
                "\u73a9\u5bb6": 0, 
                "\u9009\u4e2d\u5355\u4f4d": 0
            }, 
            "variable_type_dict": {
                "ID": false, 
                "Skill": false, 
                "bool": false, 
                "detail": false, 
                "item": false, 
                "title": false, 
                "\u7269\u54c1\u4f4d\u7f6e": false, 
                "\u73a9\u5bb6": false, 
                "\u9009\u4e2d\u5355\u4f4d": false
            }
        }, 
        "478867458": {
            "variable_dict": {
                "NEW_TIMER": {
                    "\u8ba1\u65f6\u5668_\u5237\u65b0\u5546\u5e97": -1
                }, 
                "PLAYER": {}, 
                "TABLE": {
                    "Select_item": null, 
                    "Shop_Settings": null
                }, 
                "UNIT_ENTITY": {}
            }, 
            "variable_length_dict": {
                "Select_item": 0, 
                "Shop_Settings": 0, 
                "\u8ba1\u65f6\u5668_\u5237\u65b0\u5546\u5e97": 0
            }, 
            "variable_type_dict": {
                "Select_item": false, 
                "Shop_Settings": false, 
                "\u8ba1\u65f6\u5668_\u5237\u65b0\u5546\u5e97": false
            }
        }, 
        "521285671": {
            "variable_dict": {
                "ABILITY": {
                    "Skill": null
                }, 
                "BOOLEAN": {
                    "bool": false
                }, 
                "INTEGER": {
                    "ID": 0, 
                    "\u9009\u4e2d\u9875\u6570": 0
                }, 
                "ITEM_ENTITY": {}, 
                "ITEM_NAME": {
                    "item": 0
                }, 
                "NEW_TIMER": {}, 
                "PLAYER": {
                    "\u73a9\u5bb6": 0
                }, 
                "TABLE": {
                    "Shop_settings": null
                }, 
                "UI_COMP": {
                    "detail": "", 
                    "title": ""
                }, 
                "UNIT_ENTITY": {
                    "\u9009\u4e2d\u5355\u4f4d": 0, 
                    "\u9009\u4e2d\u5546\u5e97": 0
                }
            }, 
            "variable_length_dict": {
                "ID": 0, 
                "Shop_settings": 0, 
                "Skill": 0, 
                "bool": 0, 
                "detail": 0, 
                "item": 0, 
                "title": 0, 
                "\u73a9\u5bb6": 0, 
                "\u9009\u4e2d\u5355\u4f4d": 0, 
                "\u9009\u4e2d\u5546\u5e97": 0, 
                "\u9009\u4e2d\u9875\u6570": 0
            }, 
            "variable_type_dict": {
                "ID": false, 
                "Shop_settings": false, 
                "Skill": false, 
                "bool": false, 
                "detail": false, 
                "item": false, 
                "title": false, 
                "\u73a9\u5bb6": false, 
                "\u9009\u4e2d\u5355\u4f4d": false, 
                "\u9009\u4e2d\u5546\u5e97": false, 
                "\u9009\u4e2d\u9875\u6570": false
            }
        }, 
        "546029571": {
            "variable_dict": {
                "PLAYER": {
                    "\u73a9\u5bb6": 0
                }
            }, 
            "variable_length_dict": {
                "\u73a9\u5bb6": 0
            }, 
            "variable_type_dict": {
                "\u73a9\u5bb6": false
            }
        }, 
        "579055630": {
            "variable_dict": {
                "BOOLEAN": {}, 
                "ITEM_NAME": {
                    "\u7269\u54c1\u7c7b\u578b": 0
                }, 
                "PLAYER": {
                    "\u73a9\u5bb6": 0
                }, 
                "UNIT_ENTITY": {
                    "\u9009\u4e2d\u5355\u4f4d": 0, 
                    "\u9009\u4e2d\u5546\u5e97": 0
                }
            }, 
            "variable_length_dict": {
                "\u7269\u54c1\u7c7b\u578b": 0, 
                "\u73a9\u5bb6": 0, 
                "\u9009\u4e2d\u5355\u4f4d": 0, 
                "\u9009\u4e2d\u5546\u5e97": 0
            }, 
            "variable_type_dict": {
                "\u7269\u54c1\u7c7b\u578b": false, 
                "\u73a9\u5bb6": false, 
                "\u9009\u4e2d\u5355\u4f4d": false, 
                "\u9009\u4e2d\u5546\u5e97": false
            }
        }, 
        "588083239": {
            "variable_dict": {
                "BOOLEAN": {
                    "bool": false, 
                    "\u72b6\u6001": false
                }, 
                "INTEGER": {
                    "ID": 0
                }, 
                "PLAYER": {
                    "\u73a9\u5bb6": 0
                }, 
                "STRING": {
                    "\u7c7b\u578b": ""
                }
            }, 
            "variable_length_dict": {
                "ID": 0, 
                "bool": 0, 
                "\u72b6\u6001": 0, 
                "\u73a9\u5bb6": 0, 
                "\u7c7b\u578b": 0
            }, 
            "variable_type_dict": {
                "ID": false, 
                "bool": false, 
                "\u72b6\u6001": false, 
                "\u73a9\u5bb6": false, 
                "\u7c7b\u578b": false
            }
        }, 
        "706760752": {
            "variable_dict": {
                "ABILITY": {}, 
                "BOOLEAN": {
                    "bool": false
                }, 
                "INTEGER": {
                    "ID": 0, 
                    "n": 0
                }, 
                "MODIFIER_ENTITY": {
                    "Buff": 0
                }, 
                "PLAYER": {
                    "\u73a9\u5bb6": 0
                }, 
                "UI_COMP": {
                    "detail": "", 
                    "title": ""
                }, 
                "UNIT_ENTITY": {
                    "\u9009\u4e2d\u5355\u4f4d": 0
                }
            }, 
            "variable_length_dict": {
                "Buff": 0, 
                "ID": 0, 
                "bool": 0, 
                "detail": 0, 
                "n": 0, 
                "title": 0, 
                "\u73a9\u5bb6": 0, 
                "\u9009\u4e2d\u5355\u4f4d": 0
            }, 
            "variable_type_dict": {
                "Buff": false, 
                "ID": false, 
                "bool": false, 
                "detail": false, 
                "n": false, 
                "title": false, 
                "\u73a9\u5bb6": false, 
                "\u9009\u4e2d\u5355\u4f4d": false
            }
        }, 
        "811716643": {
            "variable_dict": {
                "FLOAT": {
                    "\u6570\u503c": 0.0
                }, 
                "INTEGER": {}, 
                "NEW_TIMER": {}, 
                "STRING": {
                    "str": ""
                }
            }, 
            "variable_length_dict": {
                "str": 0, 
                "\u6570\u503c": 0
            }, 
            "variable_type_dict": {
                "str": false, 
                "\u6570\u503c": false
            }
        }, 
        "829931573": {
            "variable_dict": {
                "ABILITY_NAME": {}, 
                "ABILITY_TYPE": {
                    "\u6280\u80fd\u5206\u7c7b": 0
                }, 
                "INTEGER": {
                    "UI\u69fd\u4f4d": 0, 
                    "i": 0, 
                    "\u6280\u80fd\u69fd\u4f4d": 0
                }, 
                "NEW_TIMER": {}, 
                "PLAYER": {
                    "\u73a9\u5bb6": 0
                }, 
                "TABLE": {
                    "\u6280\u80fd\u69fd\u4f4d\u8868": null
                }, 
                "UNIT_ENTITY": {
                    "\u9009\u4e2d\u5355\u4f4d": 0
                }
            }, 
            "variable_length_dict": {
                "UI\u69fd\u4f4d": 0, 
                "i": 0, 
                "\u6280\u80fd\u5206\u7c7b": 0, 
                "\u6280\u80fd\u69fd\u4f4d": 0, 
                "\u6280\u80fd\u69fd\u4f4d\u8868": 0, 
                "\u73a9\u5bb6": 0, 
                "\u9009\u4e2d\u5355\u4f4d": 0
            }, 
            "variable_type_dict": {
                "UI\u69fd\u4f4d": false, 
                "i": false, 
                "\u6280\u80fd\u5206\u7c7b": false, 
                "\u6280\u80fd\u69fd\u4f4d": false, 
                "\u6280\u80fd\u69fd\u4f4d\u8868": false, 
                "\u73a9\u5bb6": false, 
                "\u9009\u4e2d\u5355\u4f4d": false
            }
        }, 
        "882499599": {
            "variable_dict": {
                "BOOLEAN": {
                    "\u9009\u4e2d": false
                }, 
                "NEW_TIMER": {}, 
                "UNIT_ENTITY": {}
            }, 
            "variable_length_dict": {
                "\u9009\u4e2d": 0
            }, 
            "variable_type_dict": {
                "\u9009\u4e2d": false
            }
        }, 
        "938496034": {
            "variable_dict": {
                "PLAYER": {
                    "\u73a9\u5bb6": 0
                }, 
                "UNIT_ENTITY": {
                    "\u9009\u4e2d\u5355\u4f4d": 0
                }
            }, 
            "variable_length_dict": {
                "\u73a9\u5bb6": 0, 
                "\u9009\u4e2d\u5355\u4f4d": 0
            }, 
            "variable_type_dict": {
                "\u73a9\u5bb6": false, 
                "\u9009\u4e2d\u5355\u4f4d": false
            }
        }, 
        "945233976": {
            "variable_dict": {
                "PLAYER": {
                    "\u89e6\u53d1\u73a9\u5bb6": 0
                }, 
                "UNIT_ENTITY": {
                    "\u89e6\u53d1\u5355\u4f4d": 0
                }
            }, 
            "variable_length_dict": {
                "\u89e6\u53d1\u5355\u4f4d": 0, 
                "\u89e6\u53d1\u73a9\u5bb6": 0
            }, 
            "variable_type_dict": {
                "\u89e6\u53d1\u5355\u4f4d": false, 
                "\u89e6\u53d1\u73a9\u5bb6": false
            }
        }, 
        "1037758525": {
            "variable_dict": {
                "ABILITY": {
                    "Skill": null
                }, 
                "ABILITY_TYPE": {
                    "\u6280\u80fd\u5206\u7c7b": 0
                }, 
                "INTEGER": {
                    "Skill_num": 0, 
                    "Skill_num_2": 0, 
                    "UI\u69fd\u4f4d": 0, 
                    "comp2_X": 0, 
                    "i": 0, 
                    "j": 0, 
                    "lv": 0, 
                    "lv_max": 0, 
                    "\u6280\u80fd\u69fd\u4f4d": 0
                }, 
                "NEW_TIMER": {
                    "\u6280\u80fd\u53d8\u52a8\u8ba1\u65f6": -1
                }, 
                "PLAYER": {
                    "\u73a9\u5bb6": 0
                }, 
                "TABLE": {
                    "lv_panel": null, 
                    "\u6280\u80fd\u69fd\u4f4d\u8868": null
                }, 
                "UI_COMP": {
                    "comp2": ""
                }, 
                "UNIT_ENTITY": {
                    "\u5355\u4f4d": 0, 
                    "\u9009\u4e2d\u5355\u4f4d": 0
                }
            }, 
            "variable_length_dict": {
                "Skill": 0, 
                "Skill_num": 0, 
                "Skill_num_2": 0, 
                "UI\u69fd\u4f4d": 0, 
                "comp2": 0, 
                "comp2_X": 0, 
                "i": 0, 
                "j": 0, 
                "lv": 0, 
                "lv_max": 0, 
                "lv_panel": 0, 
                "\u5355\u4f4d": 0, 
                "\u6280\u80fd\u5206\u7c7b": 0, 
                "\u6280\u80fd\u53d8\u52a8\u8ba1\u65f6": 0, 
                "\u6280\u80fd\u69fd\u4f4d": 0, 
                "\u6280\u80fd\u69fd\u4f4d\u8868": 0, 
                "\u73a9\u5bb6": 0, 
                "\u9009\u4e2d\u5355\u4f4d": 0
            }, 
            "variable_type_dict": {
                "Skill": false, 
                "Skill_num": false, 
                "Skill_num_2": false, 
                "UI\u69fd\u4f4d": false, 
                "comp2": false, 
                "comp2_X": false, 
                "i": false, 
                "j": false, 
                "lv": false, 
                "lv_max": false, 
                "lv_panel": false, 
                "\u5355\u4f4d": false, 
                "\u6280\u80fd\u5206\u7c7b": false, 
                "\u6280\u80fd\u53d8\u52a8\u8ba1\u65f6": false, 
                "\u6280\u80fd\u69fd\u4f4d": false, 
                "\u6280\u80fd\u69fd\u4f4d\u8868": false, 
                "\u73a9\u5bb6": false, 
                "\u9009\u4e2d\u5355\u4f4d": false
            }
        }, 
        "1057452061": {
            "variable_dict": {
                "INTEGER": {
                    "i": 0
                }, 
                "PLAYER": {
                    "\u73a9\u5bb6": 0
                }, 
                "UNIT_ENTITY": {}
            }, 
            "variable_length_dict": {
                "i": 0, 
                "\u73a9\u5bb6": 0
            }, 
            "variable_type_dict": {
                "i": false, 
                "\u73a9\u5bb6": false
            }
        }, 
        "1066213386": {
            "variable_dict": {
                "INTEGER": {
                    "Shop_tab_num": 0, 
                    "i": 0, 
                    "n": 0, 
                    "player_Shop_tab_n": 0
                }, 
                "ITEM_NAME": {
                    "item": 0
                }, 
                "PLAYER": {
                    "\u73a9\u5bb6": 0
                }, 
                "STRING": {
                    "Tab_txt": ""
                }, 
                "TABLE": {
                    "Select_item": null, 
                    "Shop_Settings": null
                }, 
                "UI_COMP": {
                    "comp_Tab": "", 
                    "comp_item": ""
                }, 
                "UNIT_ENTITY": {
                    "Shop": 0
                }
            }, 
            "variable_length_dict": {
                "Select_item": 0, 
                "Shop": 0, 
                "Shop_Settings": 0, 
                "Shop_tab_num": 0, 
                "Tab_txt": 0, 
                "comp_Tab": 0, 
                "comp_item": 0, 
                "i": 0, 
                "item": 0, 
                "n": 0, 
                "player_Shop_tab_n": 0, 
                "\u73a9\u5bb6": 0
            }, 
            "variable_type_dict": {
                "Select_item": false, 
                "Shop": false, 
                "Shop_Settings": false, 
                "Shop_tab_num": false, 
                "Tab_txt": false, 
                "comp_Tab": false, 
                "comp_item": false, 
                "i": false, 
                "item": false, 
                "n": false, 
                "player_Shop_tab_n": false, 
                "\u73a9\u5bb6": false
            }
        }, 
        "1134522426": {
            "variable_dict": {
                "FLOAT": {
                    "\u5b9e\u9645\u653b\u51fb\u95f4\u9694": 0.0
                }, 
                "PLAYER": {}, 
                "UNIT_ENTITY": {}
            }, 
            "variable_length_dict": {
                "\u5b9e\u9645\u653b\u51fb\u95f4\u9694": 0
            }, 
            "variable_type_dict": {
                "\u5b9e\u9645\u653b\u51fb\u95f4\u9694": false
            }
        }, 
        "1196486674": {
            "variable_dict": {
                "ABILITY": {
                    "Skill": null
                }, 
                "DYNAMIC_TRIGGER_INSTANCE": {
                    "\u653b\u901f\u53d8\u5316\u89e6\u53d1": 0, 
                    "\u7ecf\u9a8c\u53d8\u5316\u89e6\u53d1": 0
                }, 
                "FLOAT": {
                    "\u5b9e\u9645\u653b\u51fb\u95f4\u9694": 0.0
                }, 
                "INTEGER": {
                    "comp2_X": 0, 
                    "i": 0, 
                    "j": 0, 
                    "lv": 0, 
                    "lv_max": 0
                }, 
                "PLAYER": {
                    "\u73a9\u5bb6": 0
                }, 
                "TABLE": {
                    "lv_panel": null, 
                    "\u6280\u80fd\u69fd\u4f4d\u8868": null
                }, 
                "UI_COMP": {
                    "comp2": ""
                }, 
                "UNIT_ENTITY": {
                    "\u5355\u4f4d": 0
                }
            }, 
            "variable_length_dict": {
                "Skill": 0, 
                "comp2": 0, 
                "comp2_X": 0, 
                "i": 0, 
                "j": 0, 
                "lv": 0, 
                "lv_max": 0, 
                "lv_panel": 0, 
                "\u5355\u4f4d": 0, 
                "\u5b9e\u9645\u653b\u51fb\u95f4\u9694": 0, 
                "\u6280\u80fd\u69fd\u4f4d\u8868": 0, 
                "\u653b\u901f\u53d8\u5316\u89e6\u53d1": 0, 
                "\u73a9\u5bb6": 0, 
                "\u7ecf\u9a8c\u53d8\u5316\u89e6\u53d1": 0
            }, 
            "variable_type_dict": {
                "Skill": false, 
                "comp2": false, 
                "comp2_X": false, 
                "i": false, 
                "j": false, 
                "lv": false, 
                "lv_max": false, 
                "lv_panel": false, 
                "\u5355\u4f4d": false, 
                "\u5b9e\u9645\u653b\u51fb\u95f4\u9694": false, 
                "\u6280\u80fd\u69fd\u4f4d\u8868": false, 
                "\u653b\u901f\u53d8\u5316\u89e6\u53d1": false, 
                "\u73a9\u5bb6": false, 
                "\u7ecf\u9a8c\u53d8\u5316\u89e6\u53d1": false
            }
        }, 
        "1198170189": {
            "variable_dict": {
                "ABILITY": {
                    "skill": null
                }, 
                "INTEGER": {
                    "playerid": 0
                }, 
                "PLAYER": {
                    "player": 0
                }, 
                "UNIT_ENTITY": {
                    "hero": 0
                }
            }, 
            "variable_length_dict": {
                "hero": 0, 
                "player": 0, 
                "playerid": 0, 
                "skill": 0
            }, 
            "variable_type_dict": {
                "hero": false, 
                "player": false, 
                "playerid": false, 
                "skill": false
            }
        }, 
        "1231839298": {
            "variable_dict": {
                "ABILITY": {
                    "skill": null
                }, 
                "INTEGER": {
                    "playerid": 0
                }, 
                "NEW_TIMER": {}, 
                "PLAYER": {
                    "player": 0
                }, 
                "UNIT_ENTITY": {
                    "hero": 0
                }
            }, 
            "variable_length_dict": {
                "hero": 0, 
                "player": 0, 
                "playerid": 0, 
                "skill": 0
            }, 
            "variable_type_dict": {
                "hero": false, 
                "player": false, 
                "playerid": false, 
                "skill": false
            }
        }, 
        "1285480478": {
            "variable_dict": {
                "INTEGER": {
                    "\u9009\u4e2d\u7269\u54c1\u680fID": 0
                }, 
                "ITEM_NAME": {
                    "\u9009\u4e2d\u7269\u54c1\u680f": 0
                }, 
                "PLAYER": {
                    "\u73a9\u5bb6": 0
                }, 
                "TABLE": {
                    "Shop_settings": null
                }, 
                "UNIT_ENTITY": {
                    "\u9009\u4e2d\u5355\u4f4d": 0, 
                    "\u9009\u4e2d\u5546\u5e97": 0
                }
            }, 
            "variable_length_dict": {
                "Shop_settings": 0, 
                "\u73a9\u5bb6": 0, 
                "\u9009\u4e2d\u5355\u4f4d": 0, 
                "\u9009\u4e2d\u5546\u5e97": 0, 
                "\u9009\u4e2d\u7269\u54c1\u680f": 0, 
                "\u9009\u4e2d\u7269\u54c1\u680fID": 0
            }, 
            "variable_type_dict": {
                "Shop_settings": false, 
                "\u73a9\u5bb6": false, 
                "\u9009\u4e2d\u5355\u4f4d": false, 
                "\u9009\u4e2d\u5546\u5e97": false, 
                "\u9009\u4e2d\u7269\u54c1\u680f": false, 
                "\u9009\u4e2d\u7269\u54c1\u680fID": false
            }
        }, 
        "1432895540": {
            "variable_dict": {
                "INTEGER": {
                    "i": 0
                }, 
                "PLAYER": {
                    "\u73a9\u5bb6": 0
                }, 
                "TABLE": {
                    "\u6280\u80fd\u69fd\u4f4d\u8868": null
                }
            }, 
            "variable_length_dict": {
                "i": 0, 
                "\u6280\u80fd\u69fd\u4f4d\u8868": 0, 
                "\u73a9\u5bb6": 0
            }, 
            "variable_type_dict": {
                "i": false, 
                "\u6280\u80fd\u69fd\u4f4d\u8868": false, 
                "\u73a9\u5bb6": false
            }
        }, 
        "1479794696": {
            "variable_dict": {
                "INTEGER": {
                    "ID": 0, 
                    "n": 0, 
                    "\u9009\u4e2dID": 0, 
                    "\u9009\u4e2d\u9875\u6570": 0
                }, 
                "ITEM_NAME": {
                    "\u7269\u54c1\u7c7b\u578b": 0
                }, 
                "NEW_TIMER": {}, 
                "PLAYER": {
                    "\u73a9\u5bb6": 0
                }, 
                "TABLE": {
                    "Shop_settings": null, 
                    "\u9009\u4e2d\u7269\u54c1\u8868": null
                }, 
                "UNIT_ENTITY": {
                    "Shop": 0
                }
            }, 
            "variable_length_dict": {
                "ID": 0, 
                "Shop": 0, 
                "Shop_settings": 0, 
                "n": 0, 
                "\u7269\u54c1\u7c7b\u578b": 0, 
                "\u73a9\u5bb6": 0, 
                "\u9009\u4e2dID": 0, 
                "\u9009\u4e2d\u7269\u54c1\u8868": 0, 
                "\u9009\u4e2d\u9875\u6570": 0
            }, 
            "variable_type_dict": {
                "ID": false, 
                "Shop": false, 
                "Shop_settings": false, 
                "n": false, 
                "\u7269\u54c1\u7c7b\u578b": false, 
                "\u73a9\u5bb6": false, 
                "\u9009\u4e2dID": false, 
                "\u9009\u4e2d\u7269\u54c1\u8868": false, 
                "\u9009\u4e2d\u9875\u6570": false
            }
        }, 
        "1519349829": {
            "variable_dict": {
                "INTEGER": {
                    "i": 0, 
                    "n": 0
                }, 
                "PLAYER": {
                    "\u73a9\u5bb6": 0, 
                    "\u9a6c\u7532\u73a9\u5bb6": 0
                }, 
                "UI_COMP": {
                    "comp": ""
                }
            }, 
            "variable_length_dict": {
                "comp": 0, 
                "i": 0, 
                "n": 0, 
                "\u73a9\u5bb6": 0, 
                "\u9a6c\u7532\u73a9\u5bb6": 0
            }, 
            "variable_type_dict": {
                "comp": false, 
                "i": false, 
                "n": false, 
                "\u73a9\u5bb6": false, 
                "\u9a6c\u7532\u73a9\u5bb6": false
            }
        }, 
        "1670840365": {
            "variable_dict": {
                "ABILITY": {
                    "Skill": null
                }, 
                "BOOLEAN": {
                    "bool": false
                }, 
                "INTEGER": {
                    "ID": 0, 
                    "i": 0
                }, 
                "PLAYER": {
                    "\u73a9\u5bb6": 0
                }, 
                "TABLE": {
                    "\u6280\u80fd\u69fd\u4f4d\u8868": null
                }, 
                "UI_COMP": {
                    "detail": "", 
                    "title": ""
                }, 
                "UNIT_ENTITY": {
                    "\u5355\u4f4d": 0, 
                    "\u9009\u4e2d\u5355\u4f4d": 0
                }
            }, 
            "variable_length_dict": {
                "ID": 0, 
                "Skill": 0, 
                "bool": 0, 
                "detail": 0, 
                "i": 0, 
                "title": 0, 
                "\u5355\u4f4d": 0, 
                "\u6280\u80fd\u69fd\u4f4d\u8868": 0, 
                "\u73a9\u5bb6": 0, 
                "\u9009\u4e2d\u5355\u4f4d": 0
            }, 
            "variable_type_dict": {
                "ID": false, 
                "Skill": false, 
                "bool": false, 
                "detail": false, 
                "i": false, 
                "title": false, 
                "\u5355\u4f4d": false, 
                "\u6280\u80fd\u69fd\u4f4d\u8868": false, 
                "\u73a9\u5bb6": false, 
                "\u9009\u4e2d\u5355\u4f4d": false
            }
        }, 
        "1682063384": {
            "variable_dict": {
                "NEW_TIMER": {}
            }, 
            "variable_length_dict": {}, 
            "variable_type_dict": {}
        }, 
        "1689354308": {
            "variable_dict": {
                "POINT": {
                    "\u5355\u4f4d\u70b9": {
                        "__tuple__": true, 
                        "items": [
                            0, 
                            0, 
                            0
                        ]
                    }
                }, 
                "UNIT_ENTITY": {
                    "\u5355\u4f4d": 0
                }
            }, 
            "variable_length_dict": {
                "\u5355\u4f4d": 0, 
                "\u5355\u4f4d\u70b9": 0
            }, 
            "variable_type_dict": {
                "\u5355\u4f4d": false, 
                "\u5355\u4f4d\u70b9": false
            }
        }, 
        "1729798172": {
            "variable_dict": {
                "INTEGER": {
                    "ID": 0, 
                    "\u9009\u4e2dID": 0, 
                    "\u9009\u4e2d\u9875\u6570": 0
                }, 
                "ITEM_NAME": {
                    "\u7269\u54c1\u7c7b\u578b": 0
                }, 
                "PLAYER": {
                    "\u73a9\u5bb6": 0
                }, 
                "TABLE": {
                    "Shop_settings": null, 
                    "\u9009\u4e2d\u7269\u54c1\u8868": null
                }, 
                "UNIT_ENTITY": {
                    "Shop": 0, 
                    "\u9009\u4e2d\u5355\u4f4d": 0
                }
            }, 
            "variable_length_dict": {
                "ID": 0, 
                "Shop": 0, 
                "Shop_settings": 0, 
                "\u7269\u54c1\u7c7b\u578b": 0, 
                "\u73a9\u5bb6": 0, 
                "\u9009\u4e2dID": 0, 
                "\u9009\u4e2d\u5355\u4f4d": 0, 
                "\u9009\u4e2d\u7269\u54c1\u8868": 0, 
                "\u9009\u4e2d\u9875\u6570": 0
            }, 
            "variable_type_dict": {
                "ID": false, 
                "Shop": false, 
                "Shop_settings": false, 
                "\u7269\u54c1\u7c7b\u578b": false, 
                "\u73a9\u5bb6": false, 
                "\u9009\u4e2dID": false, 
                "\u9009\u4e2d\u5355\u4f4d": false, 
                "\u9009\u4e2d\u7269\u54c1\u8868": false, 
                "\u9009\u4e2d\u9875\u6570": false
            }
        }, 
        "1777578020": {
            "variable_dict": {
                "INTEGER": {
                    "Skill_slot": 0, 
                    "i": 0, 
                    "lv": 0
                }
            }, 
            "variable_length_dict": {
                "Skill_slot": 0, 
                "i": 0, 
                "lv": 0
            }, 
            "variable_type_dict": {
                "Skill_slot": false, 
                "i": false, 
                "lv": false
            }
        }, 
        "1783373882": {
            "variable_dict": {
                "PLAYER": {
                    "\u73a9\u5bb6": 0
                }
            }, 
            "variable_length_dict": {
                "\u73a9\u5bb6": 0
            }, 
            "variable_type_dict": {
                "\u73a9\u5bb6": false
            }
        }, 
        "1849528343": {
            "variable_dict": {
                "DYNAMIC_TRIGGER_INSTANCE": {
                    "\u76d1\u542c\u7269\u54c1\u5237\u65b0": 0, 
                    "\u91d1\u5e01\u53d8\u5316\u76d1\u542c": 0
                }, 
                "NEW_TIMER": {
                    "\u8ba1\u65f6\u5668_\u5237\u65b0\u5546\u5e97": -1
                }, 
                "PLAYER": {
                    "\u73a9\u5bb6": 0
                }, 
                "TABLE": {
                    "Shop_Settings": null
                }
            }, 
            "variable_length_dict": {
                "Shop_Settings": 0, 
                "\u73a9\u5bb6": 0, 
                "\u76d1\u542c\u7269\u54c1\u5237\u65b0": 0, 
                "\u8ba1\u65f6\u5668_\u5237\u65b0\u5546\u5e97": 0, 
                "\u91d1\u5e01\u53d8\u5316\u76d1\u542c": 0
            }, 
            "variable_type_dict": {
                "Shop_Settings": false, 
                "\u73a9\u5bb6": false, 
                "\u76d1\u542c\u7269\u54c1\u5237\u65b0": false, 
                "\u8ba1\u65f6\u5668_\u5237\u65b0\u5546\u5e97": false, 
                "\u91d1\u5e01\u53d8\u5316\u76d1\u542c": false
            }
        }, 
        "1859448887": {
            "variable_dict": {
                "FLOAT": {
                    "\u65f6\u95f4": 0.0, 
                    "\u65f6\u95f4_\u5206": 0.0
                }, 
                "INTEGER": {
                    "\u5b57\u7b26\u957f\u5ea6": 0, 
                    "\u65f6\u95f4_\u65f6": 0
                }, 
                "STRING": {
                    "str": ""
                }
            }, 
            "variable_length_dict": {
                "str": 0, 
                "\u5b57\u7b26\u957f\u5ea6": 0, 
                "\u65f6\u95f4": 0, 
                "\u65f6\u95f4_\u5206": 0, 
                "\u65f6\u95f4_\u65f6": 0
            }, 
            "variable_type_dict": {
                "str": false, 
                "\u5b57\u7b26\u957f\u5ea6": false, 
                "\u65f6\u95f4": false, 
                "\u65f6\u95f4_\u5206": false, 
                "\u65f6\u95f4_\u65f6": false
            }
        }, 
        "1891225617": {
            "variable_dict": {
                "INTEGER": {
                    "\u9875\u7801": 0
                }, 
                "ITEM_NAME": {
                    "\u5546\u54c1": 0
                }, 
                "NEW_TIMER": {}, 
                "PLAYER": {
                    "\u73a9\u5bb6": 0
                }, 
                "TABLE": {
                    "\u9009\u4e2d\u7269\u54c1": null
                }, 
                "UNIT_ENTITY": {
                    "\u9009\u4e2d\u5355\u4f4d": 0, 
                    "\u9009\u4e2d\u5546\u5e97": 0
                }
            }, 
            "variable_length_dict": {
                "\u5546\u54c1": 0, 
                "\u73a9\u5bb6": 0, 
                "\u9009\u4e2d\u5355\u4f4d": 0, 
                "\u9009\u4e2d\u5546\u5e97": 0, 
                "\u9009\u4e2d\u7269\u54c1": 0, 
                "\u9875\u7801": 0
            }, 
            "variable_type_dict": {
                "\u5546\u54c1": false, 
                "\u73a9\u5bb6": false, 
                "\u9009\u4e2d\u5355\u4f4d": false, 
                "\u9009\u4e2d\u5546\u5e97": false, 
                "\u9009\u4e2d\u7269\u54c1": false, 
                "\u9875\u7801": false
            }
        }, 
        "1956155466": {
            "variable_dict": {
                "PLAYER": {
                    "\u73a9\u5bb6": 0
                }, 
                "TABLE": {
                    "Select_item": null, 
                    "Shop_Settings": null
                }
            }, 
            "variable_length_dict": {
                "Select_item": 0, 
                "Shop_Settings": 0, 
                "\u73a9\u5bb6": 0
            }, 
            "variable_type_dict": {
                "Select_item": false, 
                "Shop_Settings": false, 
                "\u73a9\u5bb6": false
            }
        }, 
        "1959194682": {
            "variable_dict": {
                "INTEGER": {
                    "i": 0
                }
            }, 
            "variable_length_dict": {
                "i": 0
            }, 
            "variable_type_dict": {
                "i": false
            }
        }, 
        "1983475738": {
            "variable_dict": {
                "INTEGER": {
                    "i": 0, 
                    "n": 0
                }, 
                "ITEM_ENTITY": {
                    "item": 0
                }, 
                "NEW_TIMER": {}, 
                "PLAYER": {
                    "\u73a9\u5bb6": 0
                }, 
                "UI_COMP": {
                    "comp": ""
                }, 
                "UI_PREFAB_INSTANCE": {}, 
                "UNIT_ENTITY": {
                    "\u9009\u4e2d\u5355\u4f4d": 0, 
                    "\u9009\u4e2d\u5546\u5e97": 0
                }
            }, 
            "variable_length_dict": {
                "comp": 0, 
                "i": 0, 
                "item": 0, 
                "n": 0, 
                "\u73a9\u5bb6": 0, 
                "\u9009\u4e2d\u5355\u4f4d": 0, 
                "\u9009\u4e2d\u5546\u5e97": 0
            }, 
            "variable_type_dict": {
                "comp": false, 
                "i": false, 
                "item": false, 
                "n": false, 
                "\u73a9\u5bb6": false, 
                "\u9009\u4e2d\u5355\u4f4d": false, 
                "\u9009\u4e2d\u5546\u5e97": false
            }
        }, 
        "2022514693": {
            "variable_dict": {
                "INTEGER": {
                    "i": 0, 
                    "n": 0, 
                    "tab_n": 0
                }, 
                "TABLE": {
                    "tab\u8868": null, 
                    "\u4e34\u65f6\u8868": null, 
                    "\u7269\u54c1\u680f\u8868": null
                }
            }, 
            "variable_length_dict": {
                "i": 0, 
                "n": 0, 
                "tab_n": 0, 
                "tab\u8868": 0, 
                "\u4e34\u65f6\u8868": 0, 
                "\u7269\u54c1\u680f\u8868": 0
            }, 
            "variable_type_dict": {
                "i": false, 
                "n": false, 
                "tab_n": false, 
                "tab\u8868": false, 
                "\u4e34\u65f6\u8868": false, 
                "\u7269\u54c1\u680f\u8868": false
            }
        }, 
        "2091622473": {
            "variable_dict": {
                "ABILITY": {
                    "Skill": null
                }, 
                "BOOLEAN": {
                    "bool": false
                }, 
                "INTEGER": {}, 
                "ITEM_NAME": {
                    "item": 0
                }, 
                "PLAYER": {
                    "\u73a9\u5bb6": 0
                }, 
                "STRING": {
                    "ID": ""
                }, 
                "UI_COMP": {
                    "detail": "", 
                    "title": ""
                }, 
                "UNIT_ENTITY": {}
            }, 
            "variable_length_dict": {
                "ID": 0, 
                "Skill": 0, 
                "bool": 0, 
                "detail": 0, 
                "item": 0, 
                "title": 0, 
                "\u73a9\u5bb6": 0
            }, 
            "variable_type_dict": {
                "ID": false, 
                "Skill": false, 
                "bool": false, 
                "detail": false, 
                "item": false, 
                "title": false, 
                "\u73a9\u5bb6": false
            }
        }, 
        "2091675723": {
            "variable_dict": {
                "FLOAT": {
                    "\u521d\u59cb\u4f24\u5bb3": 0.0, 
                    "\u6700\u7ec8\u4f24\u5bb3": 0.0
                }, 
                "PLAYER": {
                    "\u73a9\u5bb6": 0
                }
            }, 
            "variable_length_dict": {
                "\u521d\u59cb\u4f24\u5bb3": 0, 
                "\u6700\u7ec8\u4f24\u5bb3": 0, 
                "\u73a9\u5bb6": 0
            }, 
            "variable_type_dict": {
                "\u521d\u59cb\u4f24\u5bb3": false, 
                "\u6700\u7ec8\u4f24\u5bb3": false, 
                "\u73a9\u5bb6": false
            }
        }, 
        "2095947833": {
            "variable_dict": {
                "PLAYER": {
                    "\u73a9\u5bb6": 0
                }
            }, 
            "variable_length_dict": {
                "\u73a9\u5bb6": 0
            }, 
            "variable_type_dict": {
                "\u73a9\u5bb6": false
            }
        }
    }, 
    "variable_comments": {}, 
    "variable_dict": {
        "BOOLEAN": {}, 
        "FLOAT": {
            "tips_scale": 0.0
        }, 
        "INTEGER": {
            "clickHeroFlag": 0, 
            "hero_ui_click": 0
        }, 
        "NEW_TIMER": {
            "timer": -1
        }, 
        "TABLE": {
            "BUFF_UI_table": null, 
            "Equip_UI_table": null, 
            "Shop_Goods": null, 
            "Shop_UI_table": null, 
            "Skill_UI_table": null
        }, 
        "UI_PREFAB_INSTANCE": {}, 
        "UNIT_ENTITY": {
            "Player Unit": 0
        }, 
        "UNIT_GROUP": {
            "\u53ec\u5524\u7269": []
        }, 
        "UNIT_NAME": {}
    }, 
    "variable_group_info": [
        {
            "__tuple__": true, 
            "items": [
                "Shop_UI_table", 
                "Shop_UI_table"
            ]
        }, 
        {
            "__tuple__": true, 
            "items": [
                "Equip_UI_table", 
                "Equip_UI_table"
            ]
        }, 
        {
            "__tuple__": true, 
            "items": [
                "Skill_UI_table", 
                "Skill_UI_table"
            ]
        }, 
        {
            "__tuple__": true, 
            "items": [
                "tips_scale", 
                "tips_scale"
            ]
        }, 
        {
            "__tuple__": true, 
            "items": [
                "BUFF_UI_table", 
                "BUFF_UI_table"
            ]
        }, 
        {
            "__tuple__": true, 
            "items": [
                "clickHeroFlag", 
                "clickHeroFlag"
            ]
        }, 
        {
            "__tuple__": true, 
            "items": [
                "hero_ui_click", 
                "hero_ui_click"
            ]
        }, 
        {
            "__tuple__": true, 
            "items": [
                "\u53ec\u5524\u7269", 
                "\u53ec\u5524\u7269"
            ]
        }, 
        {
            "__tuple__": true, 
            "items": [
                "Shop_Goods", 
                "Shop_Goods"
            ]
        }, 
        {
            "__tuple__": true, 
            "items": [
                "Player Unit", 
                "Player Unit"
            ]
        }, 
        {
            "__tuple__": true, 
            "items": [
                "timer", 
                "timer"
            ]
        }
    ], 
    "variable_length_dict": {
        "BUFF_UI_table": 0, 
        "Equip_UI_table": 0, 
        "Player Unit": 10, 
        "Shop_Goods": 0, 
        "Shop_UI_table": 0, 
        "Skill_UI_table": 0, 
        "clickHeroFlag": 0, 
        "hero_ui_click": 10, 
        "timer": 10, 
        "tips_scale": 10, 
        "\u53ec\u5524\u7269": 10
    }, 
    "variable_type_dict": {
        "BUFF_UI_table": false, 
        "Equip_UI_table": false, 
        "Player Unit": true, 
        "Shop_Goods": false, 
        "Shop_UI_table": false, 
        "Skill_UI_table": false, 
        "clickHeroFlag": false, 
        "hero_ui_click": true, 
        "timer": true, 
        "tips_scale": true, 
        "\u53ec\u5524\u7269": true
    }
}